texts,category
‡∏Å‡∏π‡∏à‡∏∞‡πÑ‡∏õ‡∏î‡∏π‡∏î‡πÉ‡∏ô‡πÄ‡∏£‡∏∑‡∏≠‡∏î‡∏≥‡∏ô‡πâ‡∏≥‡∏Ç‡∏≠‡∏á‡∏ô‡∏≤‡∏¢‡∏Å üòÖ,neu
"‡πÄ‡∏ï‡∏£‡∏µ‡∏¢‡∏°‡∏ï‡∏±‡∏ß‡πÉ‡∏´‡πâ‡∏û‡∏£‡πâ‡∏≠‡∏°!! ‡∏ù‡∏∂‡∏Å‡∏£‡πâ‡∏≠‡∏á‡πÄ‡∏û‡∏•‡∏á‡πÉ‡∏´‡πâ‡∏Ñ‡∏£‡∏ö ‡πÅ‡∏•‡πâ‡∏ß‡∏°‡∏≤‡∏û‡∏ö‡∏Å‡∏±‡∏ô‡∏ó‡∏µ‡πà‡∏á‡∏≤‡∏ô Chang Music Connection presents ""Crossplay 2 Concert"" 8 ‡∏ä‡∏±‡πà‡∏ß‡πÇ‡∏°‡∏á‡πÄ‡∏ï‡πá‡∏°‡∏≠‡∏¥‡πà‡∏° ‡πÑ‡∏õ‡∏Å‡∏±‡∏ö‡∏Å‡∏≤‡∏£‡πÅ‡∏™‡∏î‡∏á‡∏î‡∏ô‡∏ï‡∏£‡∏µ‡∏™‡∏î ‡∏ï‡∏±‡πâ‡∏á‡πÅ‡∏ï‡πà‡∏ö‡πà‡∏≤‡∏¢‡∏™‡∏≤‡∏°‡πÇ‡∏°‡∏á‡πÄ‡∏õ‡πá‡∏ô‡∏ï‡πâ‡∏ô‡πÑ‡∏õ ‡∏ô‡∏≠‡∏Å‡∏à‡∏≤‡∏Å‡∏à‡∏∞‡πÑ‡∏î‡πâ‡∏≠‡∏¥‡πà‡∏°‡πÄ‡∏≠‡∏°‡πÉ‡∏à‡πÑ‡∏õ‡∏Å‡∏±‡∏ö‡∏î‡∏ô‡∏ï‡∏£‡∏µ‡∏™‡∏î‡πÅ‡∏•‡πâ‡∏ß ‡∏¢‡∏±‡∏á‡∏à‡∏∞‡πÑ‡∏î‡πâ‡∏≠‡∏¥‡πà‡∏°‡∏ó‡πâ‡∏≠‡∏á‡∏≠‡∏µ‡∏Å‡∏î‡πâ‡∏ß‡∏¢ ‡πÄ‡∏û‡∏£‡∏≤‡∏∞‡∏†‡∏≤‡∏¢‡πÉ‡∏ô‡∏á‡∏≤‡∏ô‡∏à‡∏∞‡∏°‡∏µ‡∏£‡πâ‡∏≤‡∏ô‡∏≠‡∏≤‡∏´‡∏≤‡∏£‡∏°‡∏≤‡∏Å‡∏°‡∏≤‡∏¢‡∏°‡∏≤‡∏£‡∏≠‡∏á‡∏£‡∏±‡∏ö‡∏Ñ‡∏ß‡∏≤‡∏°‡∏´‡∏¥‡∏ß‡πÉ‡∏´‡πâ‡∏Å‡∏±‡∏ö‡∏ó‡∏∏‡∏Å‡∏Ñ‡∏ô ‡πÅ‡∏•‡∏∞‡∏ó‡∏µ‡πà‡∏û‡∏¥‡πÄ‡∏®‡∏©!! ‡∏¢‡∏±‡∏á‡∏°‡∏µ‡∏™‡∏¥‡∏ô‡∏Ñ‡πâ‡∏≤‡∏à‡∏≤‡∏Å‡∏®‡∏¥‡∏•‡∏õ‡∏¥‡∏ô‡∏°‡∏≤‡∏Å‡∏°‡∏≤‡∏¢ ‡∏°‡∏≤‡∏ß‡∏≤‡∏á‡∏Ç‡∏≤‡∏¢‡πÉ‡∏ô‡∏á‡∏≤‡∏ô‡πÉ‡∏´‡πâ‡πÄ‡∏•‡∏∑‡∏≠‡∏Å‡∏à‡∏±‡∏ö‡∏à‡πà‡∏≤‡∏¢‡πÉ‡∏ä‡πâ‡∏™‡∏≠‡∏¢ ‡πÄ‡∏â‡∏û‡∏≤‡∏∞‡∏ó‡∏µ‡πà‡∏á‡∏≤‡∏ô‡∏ô‡∏µ‡πâ‡πÄ‡∏ó‡πà‡∏≤‡∏ô‡∏±‡πâ‡∏ô ‡∏û‡∏ö‡∏Å‡∏±‡∏ö Desktop Error / Pae Arak And The Pisatband / T-bone/ The Whitest Crow / The Parkinson / UrboyTJ / electric.neon.lamp / Safeplanet / Musketeers / YKPB ( Yokee Playboy ) / The TOYS 10 ‡∏°‡∏µ‡∏ô‡∏≤‡∏Ñ‡∏° 2561 ‡∏ó‡∏µ‡πà Fortune Sky Arena ( ‡∏î‡∏≤‡∏î‡∏ü‡πâ‡∏≤ ‡∏ü‡∏≠‡∏£‡πå‡∏à‡∏π‡∏ô‡∏ó‡∏≤‡∏ß‡∏ô‡πå ‡∏û‡∏£‡∏∞‡∏£‡∏≤‡∏° 9 ) ‡∏ã‡∏∑‡πâ‡∏≠‡∏ö‡∏±‡∏ï‡∏£‡πÑ‡∏î‡πâ‡∏ó‡∏µ‡πà Ticketmelon ‡∏•‡∏¥‡∏á‡∏Ñ‡πå : https://goo.gl/m6sz78 #Medium Bird ‡∏ô‡∏Å‡∏õ‡∏≤‡∏ô‡∏Å‡∏•‡∏≤‡∏á 598 ‡∏ö‡∏≤‡∏ó ( 5 ‡∏°.‡∏Ñ - 1 ‡∏°‡∏µ.‡∏Ñ. 61 ) #Bird ‡∏ô‡∏Å‡πÅ‡∏•‡πâ‡∏ß‡∏ß 798 ‡∏ö‡∏≤‡∏ó ( 2-9 ‡∏°‡∏µ.‡∏Ñ. 61 ) #Bird At Door ‡∏ô‡∏Å‡∏´‡∏ô‡πâ‡∏≤‡∏ö‡πâ‡∏≤‡∏ô 998 ‡∏ö‡∏≤‡∏ó ( ‡∏ö‡∏±‡∏ï‡∏£‡∏´‡∏ô‡πâ‡∏≤‡∏á‡∏≤‡∏ô ) ‡∏ã‡∏∑‡πâ‡∏≠‡∏ö‡∏±‡∏ï‡∏£‡πÑ‡∏î‡πâ‡∏ó‡∏µ‡πà Ticketmelon ‡∏•‡∏¥‡∏á‡∏Ñ‡πå : goo.gl/Nvq96w #‡∏ä‡πâ‡∏≤‡∏á #Chang #ChangMusicConnection #FungjaiCrossplay2 #‡∏ü‡∏±‡∏á‡πÉ‡∏à",neu
‡∏≠‡∏∏‡∏ï‡∏£‡∏î‡∏¥‡∏ï‡∏ñ‡πå‡∏°‡∏µ‡∏´‡∏°‡πâ‡∏≠‡∏ô‡πâ‡∏≥‡∏ã‡∏∏‡∏õ4‡∏ä‡πà‡∏≠‡∏á‡πÑ‡∏´‡∏°‡∏Ñ‡πà‡∏∞,neu
ShowDC ‡∏á‡∏≤‡∏ô‡∏î‡∏µ ‡πÄ‡∏£‡∏≤‡πÄ‡∏Ñ‡∏¢‡∏¢‡∏¢üëçüëçüëç,pos
‡∏õ‡∏õ‡∏õ‡∏õ.)),neu
‡πÑ‡∏õ‡∏£‡∏ß‡∏°‡∏Å‡∏±‡∏ô‡∏ô‡∏µ‡πâ‡πÑ‡∏°‡πà‡πÄ‡∏≠‡∏≤ ‡∏ï‡∏±‡∏ß vape ‡πÑ‡∏õ‡πÄ‡πÄ‡∏ô‡πà‡∏ô‡∏≠‡∏ô 555555,pos
‡πÑ‡∏°‡πà‡∏™‡∏≤‡∏°‡∏≤‡∏£‡∏ñ‡πÄ‡∏õ‡∏•‡∏µ‡πà‡∏¢‡∏ô‡πÄ‡∏°‡∏ô‡∏π‡πÉ‡∏ô‡πÄ‡∏ä‡∏ï‡πÇ‡∏õ‡∏£‡πÇ‡∏°‡∏ä‡∏±‡πà‡∏ô‡πÑ‡∏î‡πâ‡∏Ñ‡πà‡∏∞ ‡πÅ‡∏≠‡∏î‡∏°‡∏¥‡∏ô‡∏Ç‡∏≠‡∏≠‡∏†‡∏±‡∏¢‡πÉ‡∏ô‡∏Ñ‡∏ß‡∏≤‡∏°‡πÑ‡∏°‡πà‡∏™‡∏∞‡∏î‡∏ß‡∏Å‡∏°‡∏≤ ‡∏ì ‡∏ó‡∏µ‡πà‡∏ô‡∏µ‡πâ‡∏ô‡∏∞‡∏Ñ‡∏∞ ^^,neu
‡πÄ‡∏´‡πá‡∏î3‡∏™‡∏´‡∏≤‡∏¢‡∏ú‡∏±‡∏î‡πÇ‡∏ä‡∏¢‡∏∏ ‡∏Å‡πá‡πÑ‡∏°‡πà‡∏´‡∏≠‡∏°‡πÄ‡∏ô‡∏¢‡πÑ‡∏°‡πà‡∏≠‡∏£‡πà‡∏≠‡∏¢‡πÄ‡πÄ‡∏•‡πâ‡∏ß‡∏á‡πà‡∏∞üòí,neg
‡∏°‡∏≠ ‡πÅ‡∏°‡πá‡∏Å ‡∏Ñ‡∏•‡∏≤‡∏™‡∏™‡∏¥‡∏Ñ ‡∏¢‡∏±‡∏Å‡∏Å‡∏¥‡∏ô‡∏ô‡∏ô‡∏ô,neu
‡∏ï‡∏±‡∏á‡∏¢‡∏∏‡πà‡∏´‡∏ô‡∏≤‡∏¢‡∏¢‡∏¢‡∏¢ üòÜ,neu
‡πÑ‡∏°‡πÑ‡πà‡∏î‡πâ‡∏ô‡∏≥‡πÄ‡∏Ç‡πâ‡∏≤‡πÅ‡∏•‡∏∞‡∏à‡∏≥‡∏´‡∏ô‡πà‡∏≤‡∏¢ ‡πÑ‡∏°‡πà‡∏ú‡∏¥‡∏î‡∏Å‡∏è‡∏´‡∏°‡∏≤‡∏¢‡πÅ‡∏ï‡πà‡∏ï‡πâ‡∏≠‡∏á‡πÄ‡∏ï‡∏£‡∏µ‡∏¢‡∏°‡∏ó‡∏ô‡∏≤‡∏¢‡∏î‡∏µ‡πÜ‡πÑ‡∏ß‡πâ‡∏Ñ‡∏£‡∏±‡∏ö ‡πÄ‡∏ú‡∏∑‡πà‡∏≠‡πÇ‡∏î‡∏ô‡∏ã‡∏±‡∏Å‡∏ó‡∏≠‡∏î‡∏ß‡πà‡∏≤‡πÑ‡∏î‡πâ‡∏°‡∏≤‡∏à‡∏≤‡∏Å‡πÑ‡∏´‡∏ô‡∏ñ‡πâ‡∏≤‡∏™‡∏±‡πà‡∏á‡∏°‡∏≤‡∏à‡∏≤‡∏Å‡∏ô‡∏≠‡∏Å‡πÄ‡∏≠‡∏á‡∏ô‡∏µ‡πà‡πÇ‡∏î‡∏ô‡∏ô‡∏≥‡πÄ‡∏Ç‡πâ‡∏≤‡πÑ‡∏õ‡πÄ‡∏ï‡πá‡∏°‡πÜ,neg
‡∏£‡∏±‡∏ê‡∏°‡∏±‡∏ô‡∏Å‡∏•‡∏±‡∏ß‡∏ö‡∏∏‡∏´‡∏£‡∏µ‡πà‡∏ã‡∏ö‡πÄ‡∏ã‡∏≤‡∏≠‡∏∞ ‡∏°‡∏∂‡∏á‡∏≠‡∏∂‡∏á‡∏≠‡πâ‡∏≤‡∏á‡∏ô‡∏±‡πà‡∏ô‡∏≠‡πâ‡∏≤‡∏á‡∏ô‡∏µ‡πà ‡∏ñ‡∏∏‡∏¢ ‡πÑ‡∏≠‡∏û‡∏ß‡∏Å‡πÄ‡∏´‡πá‡∏ô‡πÅ‡∏Å‡πà‡πÑ‡∏î‡πâ ‡πÑ‡∏≠‡∏Å‡∏é‡∏´‡∏°‡∏≤‡∏¢‡∏•‡πâ‡∏≤‡∏´‡∏•‡∏±‡∏á ‡∏î‡∏π‡∏≠‡∏¢‡πà‡∏≤‡∏á‡πÄ‡∏ä‡πà‡∏ô ‡∏Ñ‡∏ô‡∏£‡∏ß‡∏¢‡∏ó‡∏≥‡∏ú‡∏¥‡∏î‡πÄ‡∏î‡∏µ‡πã‡∏¢‡∏ß‡πÅ‡∏°‡πà‡∏á‡∏Å‡πá‡∏≠‡∏≠‡∏Å ‡∏ï‡∏≤‡∏¢‡∏≤‡∏¢‡πÄ‡∏Å‡πá‡∏ö‡πÄ‡∏´‡πá‡∏î ‡πÇ‡∏ó‡∏©‡πÅ‡∏°‡πà‡∏á‡∏°‡∏´‡∏±‡∏ô‡∏ï‡πå ‡∏°‡∏∂‡∏á‡∏≠‡∏¢‡πà‡∏≤‡πÉ‡∏´‡πâ‡∏Å‡∏π‡πÄ‡∏õ‡πá‡∏ô‡∏ô‡∏≤‡∏¢‡∏Å‡∏ô‡πà‡∏∞ ‡∏Å‡∏π‡∏£‡πà‡∏≤‡∏á‡∏£‡∏±‡∏ê‡∏ò‡∏£‡∏£‡∏°‡∏ô‡∏π‡∏ç‡∏ï‡∏±‡πâ‡∏á‡πÅ‡∏ï‡πà‡∏Ç‡πâ‡∏≠1‡∏¢‡∏±‡∏ô‡∏Ç‡πâ‡∏≠‡∏™‡∏∏‡∏î‡∏ó‡πâ‡∏≤‡∏¢‡πÉ‡∏´‡∏°‡πà‡∏´‡∏°‡∏î‡πÄ‡∏•‡∏¢ ‡∏Å‡∏π‡∏ß‡πà‡∏≤‡∏ô‡πà‡∏∞ ‡∏ó‡∏µ‡πà‡∏Å‡∏é‡∏´‡∏°‡∏≤‡∏¢‡∏ï‡∏≠‡∏ô‡∏ô‡∏µ‡πâ‡∏¢‡∏±‡∏á‡πÄ‡∏õ‡∏•‡∏µ‡πà‡∏¢‡∏ô‡∏≠‡∏∞‡πÑ‡∏£‡πÑ‡∏°‡πà‡∏Ñ‡πà‡∏≠‡∏¢‡πÑ‡∏î‡πâ ‡πÄ‡∏û‡∏£‡∏≤‡∏∞‡∏°‡∏µ‡∏û‡∏ß‡∏Å‡πÄ‡∏´‡∏µ‡πâ‡∏¢‡πÜ‡∏ó‡∏µ‡πà‡πÑ‡∏î‡πâ‡∏ú‡∏•‡∏õ‡∏£‡∏∞‡πÇ‡∏¢‡∏ä‡∏ô‡πå‡πÉ‡∏ô‡∏Å‡∏é‡∏´‡∏°‡∏≤‡∏¢‡∏ï‡∏≠‡∏ô‡∏ô‡∏µ‡πâ‡∏≠‡∏¢‡∏π‡πà‡∏≠‡∏∞‡∏î‡∏¥ ‡∏´‡∏±‡∏î‡∏ö‡∏£‡∏¥‡∏´‡∏≤‡∏£‡∏õ‡∏£‡∏∞‡πÄ‡∏ó‡∏®‡∏à‡∏£‡∏¥‡∏á‡πÜ‡∏ö‡πâ‡∏≤‡∏á‡πÄ‡∏´‡∏≠‡∏∞ ‡∏Å‡∏π‡∏Ç‡∏≠‡∏•‡∏∞ ‡∏Ñ‡∏ô‡πÑ‡∏ó‡∏¢‡∏ó‡∏∏‡∏Å‡∏Ñ‡∏ô‡πÄ‡∏Ñ‡πâ‡∏≤‡∏Å‡πâ‡∏≠‡∏Ç‡∏≠‡πÄ‡∏´‡∏°‡∏∑‡∏≠‡∏ô‡∏Å‡∏π‡πÅ‡∏´‡∏•‡∏∞ ‡∏™‡∏≤‡∏ò‡∏∏,neg
#‡πÄ‡∏≠‡∏∞‡∏≠‡∏∞‡πÄ‡∏•‡πà‡∏ô‡∏Ç‡∏≠‡∏á ‡∏à‡πâ‡∏≤‡∏≤‡∏≤‡∏≤ ‡∏á‡∏≤‡∏ô‡πÄ‡∏™‡∏£‡∏¥‡∏°‡∏î‡∏ß‡∏á‡∏Å‡πá‡∏°‡∏≤ ‡∏î‡∏µ‡∏ï‡πà‡∏≠‡πÉ‡∏à‡πÅ‡∏ñ‡∏°‡∏î‡∏µ‡∏ï‡πà‡∏≠‡∏ú‡∏¥‡∏ß‡∏´‡∏ô‡πâ‡∏≤ ‡πÄ‡∏û‡∏£‡∏≤‡∏∞‡πÅ‡∏õ‡πâ‡∏á‡∏ô‡πà‡∏≤‡∏Ñ‡∏∏‡∏°‡∏°‡∏±‡∏ô‡∏à‡πâ‡∏≤‡∏≤‡∏≤ #innisfree #NoSebumLuckyMessage,pos
‡πÑ‡∏î‡πâ‡πÅ‡∏õ‡πâ‡∏á Shiseido Baby Powder ‡∏°‡∏≤ ... ‡πÄ‡∏´‡πá‡∏ô‡∏£‡∏µ‡∏ß‡∏¥‡∏ß‡∏•‡∏∞‡∏Å‡πá‡∏î‡∏π‡πÄ‡∏™‡∏µ‡∏¢‡∏á‡πÅ‡∏ï‡∏Å ‡∏î‡∏µ‡∏ö‡πâ‡∏≤‡∏á‡πÑ‡∏°‡πà‡∏î‡∏µ‡∏ö‡πâ‡∏≤‡∏á ‡πÅ‡∏ï‡πà‡πÄ‡∏î‡πá‡∏à‡πÅ‡∏°‡πà‡∏ä‡∏≠‡∏ö ‡∏ô‡πâ‡∏≠‡∏á‡∏™‡∏≤‡∏ß‡∏ä‡∏≠‡∏ö ‡∏ô‡∏µ‡πà‡∏ô‡∏≤‡∏á‡πÑ‡∏õ‡∏ç‡∏µ‡πà‡∏õ‡∏∏‡πà‚Ä¶,neg
‡∏ä‡πâ‡∏≤‡∏Å‡∏ß‡πà‡∏≤‡πÄ‡∏£‡∏≤‡πÑ‡∏õ 1 ‡∏ß‡∏±‡∏ô,neu
SangSom 6 Red Open 2017 ‡∏£‡∏≠‡∏ö‡πÅ‡∏£‡∏Å ‡πÅ‡∏Ç‡πà‡∏á‡πÉ‡∏ô‡∏£‡∏∞‡∏ö‡∏ö 4 ‡πÉ‡∏ô 7 ‡πÄ‡∏ü‡∏£‡∏° ‡πÄ‡∏ß‡∏•‡∏≤ 11.30 ‡∏ô. ‡∏®‡∏∏‡∏†‡πÇ‡∏ä‡∏Ñ ‡∏®‡∏£‡πÄ‡∏™‡∏ô‡∏≤ (‡∏ã‡∏µ ‡∏Å‡∏≥‡πÅ‡∏û‡∏á) '‡∏û‡∏ö' ‡∏°‡∏á‡∏Ñ‡∏• ‡∏à‡∏±‡∏ô‡∏ó‡∏£‡πå‡πÅ‡∏™‡∏á (‡πÄ‡∏Å‡πä‡∏≤ The Winner) ‡∏ß‡∏±‡∏ô‡∏ó‡∏µ‡πà 28 ‡∏û‡∏§‡∏®‡∏à‡∏¥‡∏Å‡∏≤‡∏¢‡∏ô 2560 ‡∏™.Snooker Club ‡∏û‡∏¥‡∏©‡∏ì‡∏∏‡πÇ‡∏•‡∏Å,neu
‡∏ã‡∏µ‡∏£‡∏µ‡πà‡∏¢‡πå‡πÄ‡∏Å‡∏≤‡πÄ‡∏£‡∏∑‡πà‡∏≠‡∏á‡πÑ‡∏´‡∏ô‡∏ö‡∏ó‡∏î‡∏µ‡πÜ Netflix ‡∏ä‡πâ‡∏≤‡∏ï‡∏•‡∏≠‡∏î ‡∏ö‡∏≤‡∏á‡πÄ‡∏£‡∏∑‡πà‡∏≠‡∏á‡πÑ‡∏°‡πà‡πÄ‡∏Ç‡πâ‡∏≤‡∏™‡∏±‡∏Å‡∏ó‡∏µ ‡πÄ‡∏ö‡∏µ‡πà‡∏¢ #Netflix,neg
‡∏ä‡∏≠‡∏ö‡πÄ‡∏ó‡∏Ñ‡πÇ‡∏ô‡πÇ‡∏•‡∏¢‡∏µ‡∏ó‡∏µ‡πà‡∏•‡πâ‡∏≥‡∏™‡∏°‡∏±‡∏¢‡∏Ç‡∏≠‡∏á‡∏Æ‡∏≠‡∏ô‡∏î‡πâ‡∏≤‡∏Å‡∏≤‡∏£‡∏Ç‡∏±‡∏ö‡πÄ‡∏Ñ‡∏•‡∏∑‡πà‡∏≠‡∏ô‡πÇ‡∏î‡∏¢‡∏û‡∏•‡∏±‡∏á‡∏á‡∏≤‡∏ô‡πÑ‡∏Æ‡πÇ‡∏î‡∏£‡πÄ‡∏à‡∏ô‡πÅ‡∏ö‡∏ö‡πÑ‡∏£‡πâ‡∏ó‡πà‡∏≠‡πÑ‡∏≠‡πÄ‡∏™‡∏µ‡∏¢ #TheFuturelswhatwecreate,neu
‡∏Å‡∏π‡∏Å‡∏±‡∏ö‡πÅ‡∏Å‡πä‡∏á‡∏≠‡∏µ‡∏õ‡πâ‡∏≤‡∏£‡∏≠‡∏ö‡πÜ ‡∏Ñ‡∏∑‡∏≠‡πÇ‡∏ö‡∏Å‡∏à‡∏ô‡πÄ‡∏Ç‡∏°‡πà‡∏ô‡∏Å‡∏±‡∏ô ‡πÇ‡∏ö‡∏Å‡∏à‡∏ô‡πÄ‡∏´‡∏ô‡∏∑‡πà‡∏≠‡∏¢‡∏à‡∏ô‡∏•‡πâ‡∏≤ ‡∏à‡∏ô‡∏Å‡∏•‡∏≤‡∏¢‡πÄ‡∏õ‡πá‡∏ô‡πÄ‡∏´‡πá‡∏ô‡πÉ‡∏à‡∏Å‡∏±‡∏ô‡∏•‡∏∞‡∏î‡πà‡∏≤‡πÅ‡∏ó‡πá‡∏Å‡∏ã‡∏µ‡πà‡∏î‡πâ‡∏ß‡∏¢‡∏Å‡∏±‡∏ô‡∏•‡∏∞‡∏≠‡∏∞ ‡πÄ‡∏Å‡∏•‡∏µ‡∏¢‡∏î‡∏≠‡∏µ‡∏õ‡πâ‡∏≤‡πÅ‡∏ï‡πà‡∏Å‡πá‡∏Ñ‡∏∑‡∏≠‡πÑ‡∏°‡πà‡πÑ‡∏î‡πâ‡πÑ‡∏õ‡∏ó‡∏±‡πâ‡∏á‡∏Ñ‡∏π‡πà‡∏≠‡∏∞ ‡∏•‡∏ö‡∏ö‡∏ß‡∏Å‡∏•‡∏ö‡πÄ‡∏õ‡πá‡∏ô‡∏ö‡∏ß‡∏Å‡∏≠‡∏∞ ‡∏≠‡∏õ‡∏õ‡πâ‡∏≤‡∏Ñ‡∏ô‡∏Ç‡∏±‡∏ö‡πÅ‡∏ó‡πá‡∏Å‡∏ã‡∏µ‡πà‡πÄ‡∏´‡∏°‡∏∑‡∏≠‡∏ô‡∏°‡∏≠‡∏á‡πÑ‡∏°‡πà‡πÄ‡∏´‡πá‡∏ô‡∏Å‡∏π‡∏≠‡∏∞ ‡∏Å‡∏π‡πÄ‡∏õ‡πá‡∏ô‡∏ú‡∏µ‡πÄ‡∏´‡∏£‡∏≠ ‡∏≠‡∏µ‡∏Å‡∏ô‡∏¥‡∏î‡∏Å‡∏π‡∏à‡∏∞‡∏ä‡∏ß‡∏ô‡πÅ‡∏Å‡πä‡∏á‡∏≠‡∏µ‡∏õ‡πâ‡∏≤‡∏ó‡∏≥‡πÇ‡∏õ‡∏£‡πÄ‡∏à‡πá‡∏Å‡∏ï‡πå‡πÄ‡∏£‡∏µ‡∏¢‡∏Å‡∏≠‡∏õ‡∏õ‡πâ‡∏≤‡∏•‡∏∞‡∏ô‡∏∞ /me‡∏Å‡∏≤‡∏á‡πÅ‡∏ú‡πà‡∏ô‡∏Å‡∏£‡∏∞‡∏î‡∏≤‡∏©‡πÄ‡∏Ç‡∏µ‡∏¢‡∏ô‡∏ß‡πà‡∏≤‡∏≠‡∏µ‡∏Ñ‡∏ß‡∏≤‡∏¢,neg
‡∏≠‡∏¢‡∏≤‡∏Å‡∏ú‡∏¥‡∏á‡πÅ‡∏°‡πà‡πÅ‡∏Å‡πâ‡∏´‡∏ô‡∏≤‡∏ß‡∏ß ‡∏à‡∏¥‡∏ö‡πÅ‡∏™‡∏á‡πÇ‡∏™‡∏°‡πÄ‡∏ö‡∏≤‡πÜ ‡∏ñ‡πâ‡∏≤‡∏ö‡∏±‡∏ï‡∏£‡∏ü‡∏£‡∏µ ‡πÄ‡∏î‡∏µ‡πã‡∏¢‡∏ß‡πÄ‡∏•‡∏µ‡πâ‡∏¢‡∏á‡πÄ‡∏´‡∏•‡πâ‡∏≤‡πÄ‡∏≠‡∏á ‡∏≠‡∏¥‡∏≠‡∏¥,pos
‡∏£‡∏ö‡∏Å‡∏ß‡∏ô‡∏ú‡∏π‡πâ‡∏£‡∏π‡πâ‡∏î‡πâ‡∏ß‡∏¢‡∏Ñ‡∏£‡∏±‡∏ö ‡∏Ç‡∏±‡∏ö‡∏£‡∏ñ‡∏°‡∏≤‡∏î‡∏µ‡∏î‡∏µ ‡∏ï‡∏±‡πâ‡∏á‡∏ô‡∏≤‡∏ô ‡πÑ‡∏°‡πà‡∏°‡∏µ‡∏≠‡∏∞‡πÑ‡∏£ ‡∏û‡∏≠‡∏°‡∏≤‡∏ß‡∏±‡∏ô‡∏ô‡∏µ‡πâ ‡∏Ç‡∏∂‡πâ‡∏ô‡∏ó‡∏≤‡∏á‡∏î‡πà‡∏ß‡∏ô ‡∏Ñ‡∏ß‡∏≤‡∏°‡πÄ‡∏£‡πá‡∏ß‡∏≠‡∏¢‡∏π‡πà‡∏ó‡∏µ‡πà 90 ‡∏Å‡∏°/‡∏ä‡∏° ‡πÅ‡∏•‡πâ‡∏ß‡∏Å‡πá‡πÄ‡∏Å‡∏¥‡∏î‡πÄ‡∏™‡∏µ‡∏¢‡∏á‡πÅ‡∏ö‡∏ö‡∏ô‡∏µ‡πâ‡∏î‡∏±‡∏á‡∏Ç‡∏∂‡πâ‡∏ô ‡∏ó‡∏µ‡πà‡∏ö‡∏£‡∏¥‡πÄ‡∏ß‡∏ì‡∏ù‡∏±‡πà‡∏á‡∏ã‡πâ‡∏≤‡∏¢ ‡∏Ç‡∏≠‡∏á‡∏£‡∏ñ ‡∏°‡∏±‡∏ô‡πÄ‡∏Å‡∏¥‡∏î‡∏à‡∏≤‡∏Å‡∏≠‡∏∞‡πÑ‡∏£‡∏Ñ‡∏£‡∏±‡∏ö ‡∏û‡∏≠‡∏•‡∏î‡∏Ñ‡∏ß‡∏≤‡∏°‡πÄ‡∏£‡πá‡∏ß ‡πÄ‡∏™‡∏µ‡∏¢‡∏á‡∏Å‡πá‡∏´‡∏≤‡∏¢‡πÑ‡∏õ ‡∏õ‡∏•.‡∏£‡∏ñ‡∏ú‡∏° honda civic ‡∏ï‡∏±‡∏ß‡πÉ‡∏´‡∏°‡πà ‡∏Ç‡∏±‡∏ö‡∏°‡∏≤‡πÑ‡∏î‡πâ‡∏õ‡∏£‡∏∞‡∏°‡∏≤‡∏ì 1 ‡∏õ‡∏µ‡∏Ñ‡∏£‡∏±‡∏ö ‡πÑ‡∏°‡πà‡πÄ‡∏Ñ‡∏¢‡∏ä‡∏ô‡∏≠‡∏∞‡πÑ‡∏£‡∏ó‡∏±‡πâ‡∏á‡∏ô‡∏±‡πâ‡∏ô ‡∏£‡∏ö‡∏Å‡∏ß‡∏ô‡∏î‡πâ‡∏ß‡∏¢‡∏Ñ‡∏£‡∏±‡∏ö ‡∏à‡∏∞‡πÑ‡∏î‡πâ‡πÅ‡∏Å‡πâ‡πÑ‡∏Ç‡∏ñ‡∏π‡∏Å ?!!!,neg
‡∏Å‡∏±‡∏™,neu
‡∏î‡∏π the little mermaid ‡∏à‡∏ö‡∏•‡∏∞‡∏≠‡∏∞ ‡πÑ‡∏°‡πà‡∏™‡∏ô‡∏∏‡∏Å‡πÄ‡∏•‡∏≠‡∏≠‡∏≠ ‡∏ñ‡πâ‡∏≤ ‡πÄ‡∏ï‡πá‡∏°10‡∏Ñ‡∏∑‡∏≠‡πÉ‡∏´‡πâ 6 ‡∏≠‡∏∞ ‡πÉ‡∏ô‡∏£‡∏µ‡∏ß‡∏¥‡∏ß netflix ‡∏Ñ‡∏∑‡∏≠‡∏°‡∏µ‡∏Ñ‡∏ô‡πÉ‡∏´‡πâ 10/10 ‡∏≠‡∏∞,neg
‡∏à‡∏±‡∏î‡πÄ‡∏£‡∏¢‡∏ß‡∏±‡∏ô‡∏ô‡∏µ‡πâüò≥üò≥,pos
‡∏≠‡πà‡∏≤ ‡πÄ‡∏•‡∏¥‡∏Å‡∏ä‡πâ‡∏≤ ‡πÇ‡∏≠‡πâ‡∏¢‡∏¢‡∏¢‡∏¢,neu
‡∏ö‡∏≤‡∏ö‡∏¥‡∏Å‡πâ‡∏≠‡∏ô‡∏ô‡∏ô‡∏ô,neu
‡∏Ñ‡πà‡∏≤‡πÄ‡∏ä‡πà‡∏≤‡∏ä‡∏∏‡∏î‡∏ô‡πà‡∏≤‡∏à‡∏∞‡πÅ‡∏û‡∏á‡∏Å‡∏ß‡πà‡∏≤‡∏Ñ‡πà‡∏≤‡∏≠‡∏≤‡∏´‡∏≤‡∏£5555,neg
‡πÑ‡∏õ‡∏Å‡∏±‡∏•‡∏•‡∏•‡∏•‡∏•‡∏•,pos
‡πÄ‡∏≠‡∏≤‡∏à‡∏£‡∏¥‡∏á‡πÜ ‡πÄ‡∏°‡∏∑‡πà‡∏≠‡∏Å‡πà‡∏≠‡∏ô‡∏°‡∏µ‡πÄ‡∏õ‡πá‡∏ô‡∏´‡∏°‡∏∂‡∏Å‡∏Å‡∏£‡∏∞‡∏î‡∏≠‡∏á‡∏¢‡∏±‡∏î‡πÑ‡∏™‡πâ‡∏ô‡∏∞‡∏Ñ‡∏£‡∏±‡∏ö ‡∏≠‡∏£‡πà‡∏≠‡∏¢‡∏°‡∏≤‡∏Å ‡πÄ‡∏î‡∏µ‡πã‡∏¢‡∏ß‡∏ô‡∏µ‡πâ‡πÑ‡∏°‡πà‡πÄ‡∏´‡πá‡∏ô‡∏°‡∏µ‡πÅ‡∏•‡πâ‡∏ß ‡πÄ‡∏õ‡∏•‡∏µ‡πà‡∏¢‡∏ô‡πÄ‡∏õ‡πá‡∏ô‡∏´‡∏°‡∏∂‡∏Å‡∏ï‡∏±‡∏ß‡∏¢‡∏≤‡∏ß‡πÜ‡∏ã‡∏∞‡∏•‡∏∞,neg
‡∏•‡∏≠‡∏á‡πÉ‡∏ä‡πâ‡∏î‡∏π ‡πÅ‡∏•‡πâ‡∏ß‡∏à‡∏∞‡∏£‡∏π‡πâ‡∏ß‡πà‡∏≤ ‡∏õ‡∏à‡∏î.‡∏ó‡∏µ‡πà‡πÄ‡∏£‡∏≤‡∏Ñ‡∏¥‡∏î‡∏ß‡πà‡∏≤‡∏°‡∏≤‡πÄ‡∏¢‡∏≠‡∏∞‡∏ï‡∏≠‡∏ô‡∏≠‡∏¢‡∏π‡πà‡∏ö‡∏ô‡∏ú‡πâ‡∏≤‡∏≠‡∏ô‡∏≤‡∏°‡∏±‡∏¢ ‡∏°‡∏±‡∏ô‡πÑ‡∏°‡πà‡πÑ‡∏î‡πâ‡∏°‡∏≤‡∏Å‡∏≠‡∏¢‡πà‡∏≤‡∏á‡∏ó‡∏µ‡πà‡∏Ñ‡∏¥‡∏î‡∏Ñ‡πà‡∏∞ ‡∏ñ‡∏≠‡∏î‡∏°‡∏≤ ‡∏ó‡∏±‡πâ‡∏á‡∏ß‡∏±‡∏ô‡∏ô‡∏µ‡πà‡∏Ñ‡∏∑‡∏≠~20 cc.‡∏≠‡∏∞‡∏Ñ‡πà‡∏∞ ‡πÄ‡∏õ‡∏•‡∏µ‡πà‡∏¢‡∏ô‡πÑ‡∏°‡πà‡∏ö‡πà‡∏≠‡∏¢‡πÄ‡∏ó‡πà‡∏≤‡∏ú‡πâ‡∏≤‡∏≠‡∏ô‡∏≤‡∏°‡∏±‡∏¢‡∏´‡∏£‡∏≠‡∏Å‡∏Ñ‡πà‡∏∞ ‡∏ß‡∏±‡∏ô‡∏°‡∏≤‡∏õ‡∏Å‡∏ï‡∏¥‡∏ô‡∏µ‡πà‡∏≠‡∏¢‡∏π‡πà‡πÑ‡∏î‡πâ8‡∏ä‡∏°.‡∏≠‡∏∞,neu
‡πÄ‡∏ó‡∏µ‡πà‡∏¢‡∏á‡∏û‡∏£‡∏∏‡πà‡∏á‡∏ô‡∏µ‡πâ‡∏ß‡πà‡∏≤‡∏à‡∏∞‡πÑ‡∏õ‡∏Å‡∏¥‡∏ô‡∏™‡∏±‡∏Å‡∏´‡∏ô‡πà‡∏≠‡∏¢ ‡πÅ‡∏ï‡πà‡∏û‡∏≠‡∏≠‡πà‡∏≤‡∏ô‡∏Ñ‡∏≠‡∏°‡πÄ‡∏°‡πâ‡∏ô‡πÅ‡∏•‡πâ‡∏ß‡πÄ‡∏õ‡∏•‡∏µ‡πà‡∏¢‡∏ô‡πÉ‡∏à‡πÑ‡∏°‡πà‡πÑ‡∏õ‡∏Å‡∏¥‡∏ô‡∏î‡∏µ‡∏Å‡∏ß‡πà‡∏≤,neu
‡∏´‡πà‡∏ß‡∏¢‡∏°‡∏≤‡∏Å‡∏Ñ‡∏£‡∏±‡∏ö 3 ‡∏ß‡∏±‡∏ô‡∏î‡∏µ 4 ‡∏ß‡∏±‡∏ô‡∏´‡πà‡∏ß‡∏¢ ‡∏ñ‡πâ‡∏≤‡πÑ‡∏°‡πà‡∏£‡∏µ‡∏ö‡πÅ‡∏Å‡πâ‡∏à‡∏∞‡∏¢‡πâ‡∏≤‡∏¢‡πÑ‡∏õ ais fiber ‡πÅ‡∏•‡πâ‡∏ß ‡πÄ‡∏û‡∏£‡∏≤‡∏∞‡∏ó‡∏∏‡∏Å‡∏ß‡∏±‡∏ô‡∏ô‡∏µ‡πà‡∏Å‡πá ‡∏≠‡∏≤‡∏®‡∏±‡∏¢ ais fiber ‡∏Ç‡∏≠‡∏á‡∏û‡∏µ‡πà‡∏Ç‡πâ‡∏≤‡∏á‡∏ö‡πâ‡∏≤‡∏ô‡πÉ‡∏ä‡πâ ‡∏ï‡∏≠‡∏ô‡∏ó‡∏µ‡πà true ‡∏´‡πà‡∏ß‡∏¢,neg
‡∏™‡∏≤‡∏Ç‡∏≤‡∏ó‡πà‡∏≤‡∏¢‡∏≤‡∏á ‡∏à‡∏±‡∏á‡∏´‡∏ß‡∏±‡∏î‡πÄ‡∏û‡∏ä‡∏£‡∏ö‡∏∏‡∏£‡∏µ ‡∏Ç‡∏≠‡∏á‡∏ô‡πâ‡∏≠‡∏¢‡∏°‡∏≤‡∏Å ‡πÑ‡∏°‡πà‡∏™‡∏î ‡πÑ‡∏°‡πà‡∏°‡∏µ‡∏ã‡∏π‡∏ä‡∏¥ ‡∏Ç‡∏≠‡∏á‡πÅ‡∏ä‡πà‡πÅ‡∏Ç‡πá‡∏á‡πÄ‡∏Å‡πà‡∏≤‡πÜ,neg
‡πÅ‡∏°‡πâ‡∏ù‡∏µ‡∏°‡∏∑‡∏≠‡∏à‡∏∞‡∏Å‡∏≤‡∏Å ‡πÅ‡∏ï‡πà‡∏°‡∏µ‡∏î‡∏ß‡∏á ‡∏Å‡∏¥‡∏Å‡∏¥,pos
‡∏Ñ‡∏ô‡πÑ‡∏ó‡∏¢‡πÑ‡∏°‡πà‡πÑ‡∏î‡πâ‡πÅ‡∏î‡∏Å‡∏´‡∏ç‡πâ‡∏≤‡∏Ñ‡∏£‡∏±‡∏ö >>> ‡∏õ‡∏£‡∏∞‡∏ä‡∏≤‡∏ò‡∏¥‡∏õ‡∏±‡∏ï‡∏¢‡πå ‡πÇ‡∏ï‡πâ‡πÄ‡∏û‡∏∑‡πà‡∏≠‡πÑ‡∏ó‡∏¢ ‡∏õ‡∏°‡πÄ‡∏õ‡πà‡∏≤‡∏ô‡∏Å‡∏´‡∏ß‡∏µ‡∏î ‡∏•‡πâ‡∏°‡∏£‡∏±‡∏ê‡∏ö‡∏≤‡∏•‡πÄ‡∏•‡∏∑‡∏≠‡∏Å‡∏ï‡∏±‡πâ‡∏á ‡πÇ‡∏ß‡∏¢‡∏Ç‡∏∏‡∏î‡∏Ñ‡∏ß‡∏≤‡∏°‡πÄ‡∏ó‡πá‡∏à‡πÉ‡∏™‡πà‡∏£‡πâ‡∏≤‡∏¢!,neg
‡∏ó‡∏≥‡∏°‡∏±‡∏¢‡∏ï‡πâ‡∏≠‡∏á‡∏õ‡∏≤‡πÄ‡∏à‡πÇ‡∏£‡πà ‡πÄ‡∏≠‡πÄ‡∏ß‡∏≠‡πÄ‡∏£‡∏™‡∏ï‡πå‡∏Å‡πá‡∏°‡∏µ ‡∏°‡∏¥‡∏ß‡πÄ‡∏≠‡πá‡∏Å‡∏ã‡πå‡∏Å‡πá‡∏°‡∏µ ‡∏ü‡∏≠‡∏à‡∏π‡∏ô‡πÄ‡∏ô‡∏≠‡∏£‡πå ‡∏Å‡πá‡∏°‡∏µ ‡∏Ñ‡πà‡∏≤‡∏¢‡∏≠‡∏∑‡πà‡∏ô‡πÄ‡∏Ñ‡πâ‡∏≤‡∏ô‡πâ‡∏≠‡∏¢‡πÉ‡∏à‡∏ô‡∏∞,neu
‡πÑ‡∏õ‡∏™‡∏¥‡∏Ñ‡∏∞,pos
‡∏°‡∏≤‡∏ó‡∏≤‡∏ô MK ‡∏™‡∏≤‡∏Ç‡∏≤‡∏ô‡∏µ‡πâ ‡∏û‡∏ô‡∏±‡∏Å‡∏á‡∏≤‡∏ô‡∏ô‡πà‡∏≤‡∏£‡∏±‡∏Å‡∏°‡∏≤‡∏Å‡πÜ ‡∏û‡∏µ‡πà‡∏ú‡∏ä.‡∏ó‡∏µ‡πà‡∏≠‡∏≠‡∏Å‡∏™‡∏≤‡∏ß‡πÜ‡∏´‡∏ô‡πà‡∏≠‡∏¢ ‡πÉ‡∏™‡πà‡πÉ‡∏à‡∏•‡∏π‡∏Å‡∏Ñ‡πâ‡∏≤‡∏ó‡∏∏‡∏Å‡πÇ‡∏ï‡πä‡∏∞‡πÄ‡∏•‡∏¢,pos
‡∏ú‡∏°‡∏ß‡πà‡∏≤‡∏ô‡∏µ‡πâ‡∏Ñ‡∏∑‡∏≠‡πÄ‡∏Ñ‡∏™‡∏ï‡∏±‡∏ß‡∏≠‡∏¢‡πà‡∏≤‡∏á‡∏ó‡∏µ‡πà‡∏û‡∏ß‡∏Å‡πÄ‡∏£‡∏≤‡∏£‡∏≠‡∏°‡∏≤‡∏ô‡∏≤‡∏ô‡∏´‡∏•‡∏≤‡∏¢‡∏õ‡∏µ ‡∏ö‡∏ó‡∏™‡∏£‡∏∏‡∏õ‡πÄ‡∏õ‡∏ô‡∏¢‡∏±‡∏á‡πÑ‡∏á ‡∏£‡∏≠‡∏®‡∏≤‡∏•‡∏ï‡∏±‡∏î‡∏™‡∏¥‡∏ô ‡∏û‡∏Åe6‡∏ô‡πà‡∏≤‡∏Å‡∏±‡∏ß‡∏Å‡∏ß‡πà‡∏≤‡∏û‡∏Å‡∏°‡πâ‡∏≤10‡πÄ‡∏°‡πá‡∏î‡∏≠‡∏µ‡∏Å Thailand Only,neu
‡πÉ‡∏ä‡πà‡∏Ñ‡∏±‡∏ö‡∏≠‡∏¢‡πà‡∏≤‡∏´‡∏•‡∏á‡πÄ‡∏ä‡∏∑‡πà‡∏≠‡∏ú‡∏°‡πÉ‡∏ä‡πâ‡∏°‡∏≤7‡πÄ‡∏î‡∏∑‡∏≠‡∏ô‡∏™‡∏°‡∏≠‡∏á‡∏ú‡∏°‡πÄ‡∏õ‡πá‡∏ô‡∏•‡∏∑‡∏°‡πÜ‡∏à‡∏≥‡πÑ‡∏°‡πà‡πÑ‡∏î‡πâ‡πÄ‡∏•‡∏¢‡∏ß‡πà‡∏≤‡∏≠‡∏∞‡πÑ‡∏£‡∏Ñ‡∏∑‡∏≠‡∏ö‡∏∏‡∏´‡∏£‡∏µ‡πà‡∏°‡πâ‡∏ß‡∏ô555,pos
‡∏°‡∏≤‡πÉ‡∏´‡πâ‡πÉ‡∏ß‡πÜ‡∏£‡∏≠‡∏ä‡∏°‡∏≠‡∏¢‡∏π‡πà ‡∏Ñ‡πâ‡∏≤‡∏¢‡∏≠‡∏∑‡πà‡∏ô‡πÑ‡∏õ‡πÅ‡∏•‡πâ‡∏ß ‡∏Ñ‡πâ‡∏≤‡∏¢‡∏ô‡∏µ‡πâ‡∏°‡∏≤‡∏ä‡πâ‡∏≤‡πÅ‡∏ï‡πà‡∏ä‡∏±‡∏ß‡∏£‡πå ‡πÄ‡∏Ñ‡∏¢‡πÉ‡∏ä‡πâ‡πÅ‡∏ï‡πà‡∏ô‡∏≤‡∏ß‡∏≤‡∏£‡πà‡∏≤ ‡∏£‡∏≠‡∏ö‡∏ô‡∏µ‡πâ suv ‡∏™‡∏ß‡∏¢‡∏à‡∏£‡∏¥‡∏á‡πÜ ‡∏´‡∏ô‡πâ‡∏≤‡∏Ñ‡∏°‡πÄ‡∏Ç‡πâ‡∏°‡∏°‡∏≤‡∏Å ‡∏î‡∏π‡∏ô‡πà‡∏≤‡πÄ‡∏Å‡∏£‡∏á‡∏Ç‡∏≤‡∏°,neu
‡∏Ñ‡∏á‡πÑ‡∏î‡πâ‡πÅ‡∏ï‡πà ‡∏•‡∏Ñ ‡∏ô‡∏¥‡∏™‡∏™‡∏±‡∏ô‡πÄ‡∏î‡∏¥‡∏° ‡πÄ‡∏û‡∏£‡∏≤‡∏∞‡∏Ñ‡∏ô‡∏ó‡∏µ‡πà‡∏ã‡∏∑‡πâ‡∏≠‡πÇ‡∏ï‡∏ï‡πâ‡∏≤ ‡∏ü‡∏≠‡∏£‡πå‡∏î ‡∏°‡∏¥‡∏ï‡∏ã‡∏π ‡πÄ‡∏Ñ‡πâ‡∏≤‡∏Ñ‡∏á‡πÑ‡∏°‡πà‡∏ä‡∏≠‡∏ö,neg
‡∏à‡∏±‡∏ö‡πÄ‡∏ß‡∏•‡∏≤‡∏£‡∏∂‡∏õ‡πà‡∏≤‡∏ß‡∏Ñ‡∏∞,pos
‡πÄ‡∏£‡∏≤‡πÄ‡∏•‡∏¥‡∏Å‡∏ö‡∏∏‡∏´‡∏£‡∏µ‡πà‡∏°‡∏ß‡∏ô‡πÑ‡∏î‡πâ 10 ‡πÄ‡∏î‡∏∑‡∏≠‡∏ô‡∏•‡πà‡∏∞ ‡πÄ‡∏û‡∏£‡∏≤‡∏∞ e-cig ‡∏õ‡∏±‡∏à‡∏à‡∏∏‡∏ö‡∏±‡∏ô‡∏Å‡πâ‡∏≠‡∏™‡∏π‡∏ö‡πÅ‡∏ï‡πà‡∏ß‡∏±‡∏ô‡∏•‡∏∞‡πÑ‡∏°‡πà‡∏Å‡∏µ‡πà‡∏ó‡∏µ ‡∏ó‡∏µ‡πà‡∏™‡∏≥‡∏Ñ‡∏±‡∏ç‡∏Å‡∏•‡∏±‡∏ö‡πÑ‡∏õ‡∏™‡∏π‡∏ö‡πÅ‡∏ö‡∏ö‡∏°‡∏ß‡∏ô‡πÑ‡∏°‡πà‡πÑ‡∏î‡πâ ‡πÄ‡∏´‡∏°‡πá‡∏ô ‡πÑ‡∏î‡πâ‡∏Å‡∏•‡∏¥‡πà‡∏ô‡∏Ñ‡∏ô‡∏≠‡∏∑‡πà‡∏ô‡∏™‡∏π‡∏ö‡∏Å‡πâ‡∏≠‡πÄ‡∏´‡∏°‡πá‡∏ô‡∏´‡∏ß‡πà‡∏∞,neu
‡πÉ‡∏ô‡πÄ‡∏ä‡∏¥‡∏á‡∏ö‡∏£‡∏¥‡∏´‡∏≤‡∏£‡∏ú‡∏°‡∏ß‡πà‡∏≤‡∏û‡∏£‡∏£‡∏Ñ‡∏ô‡∏±‡πâ‡∏ô‡πÑ‡∏°‡πà‡∏Ñ‡∏ß‡∏£‡∏Ç‡∏∂‡πâ‡∏ô‡πÑ‡∏õ‡∏ô‡∏±‡πà‡∏á‡∏ô‡∏∞ ‡∏î‡∏π‡πÅ‡∏•‡πâ‡∏ß‡πÑ‡∏°‡πà‡∏ô‡πà‡∏≤‡∏£‡∏≠‡∏î ‡πÅ‡∏ï‡πà‡∏Ñ‡∏ß‡∏£‡πÄ‡∏≠‡∏≤‡∏î‡∏µ‡∏ó‡∏≤‡∏á‡∏î‡πâ‡∏≤‡∏ô‡∏™‡πà‡∏á‡πÄ‡∏™‡∏£‡∏¥‡∏°‡∏Å‡∏¥‡∏à‡∏Å‡∏£‡∏£‡∏°‡∏°‡∏≤‡∏Å‡∏Å‡∏ß‡πà‡∏≤ ‡∏ñ‡πâ‡∏≤‡∏ö‡∏£‡∏¥‡∏´‡∏≤‡∏£‡∏ï‡πâ‡∏≠‡∏á‡πÄ‡∏•‡∏∑‡∏≠‡∏Å‡∏≠‡∏µ‡∏Å‡∏û‡∏£‡∏£‡∏Ñ‡∏ô‡∏∂‡∏á‡∏ó‡∏µ‡πà‡∏ä‡∏∑‡πà‡∏≠*‡πÅ‡∏ö‡∏∞‡πÜ*‡∏ñ‡∏∂‡∏á‡∏à‡∏∞‡πÇ‡∏≠‡πÄ‡∏Ñ,neg
‡∏´‡πâ‡∏≠‡∏á‡πÅ‡∏•‡∏∞‡∏ö‡∏£‡∏¥‡πÄ‡∏ß‡∏ì‡πÇ‡∏£‡∏á‡πÅ‡∏£‡∏°‡∏™‡∏∞‡∏≠‡∏≤‡∏î‡πÄ‡∏£‡∏µ‡∏¢‡∏ö‡∏£‡πâ‡∏≠‡∏¢ ‡πÄ‡∏á‡∏µ‡∏¢‡∏ö‡∏™‡∏á‡∏ö ‡∏°‡∏µ‡∏ó‡∏µ‡πà‡∏à‡∏≠‡∏î‡∏£‡∏ñ‡πÄ‡∏¢‡∏≠‡∏∞ ‡∏°‡∏µ‡∏Å‡∏≤‡∏ï‡πâ‡∏°‡∏ô‡πâ‡∏≥‡∏£‡πâ‡∏≠‡∏ô‡πÉ‡∏ô‡∏´‡πâ‡∏≠‡∏á ‡∏´‡πâ‡∏≠‡∏á‡∏ô‡πâ‡∏≥‡∏™‡∏∞‡∏≠‡∏≤‡∏î‡πÅ‡∏ö‡πà‡∏á‡∏´‡πâ‡∏≠‡∏á‡πÄ‡∏õ‡∏µ‡∏¢‡∏Å‡πÅ‡∏•‡∏∞‡πÅ‡∏´‡πâ‡∏á,pos
‡∏£‡∏≠‡∏á‡∏û‡∏∑‡πâ‡∏ô TRUEMATCH is my SOULMATE! ‡∏≠‡∏¢‡∏≤‡∏Å‡πÑ‡∏î‡πâ‡∏£‡∏≠‡∏á‡∏û‡∏∑‡πâ‡∏ô TRUEMATCH ‡πÄ‡∏û‡∏£‡∏≤‡∏∞‡πÄ‡∏õ‡πá‡∏ô‡∏£‡∏≠‡∏á‡∏û‡∏∑‡πâ‡∏ô‡∏ó‡∏µ‡πà‡∏ä‡∏≠‡∏ö‡∏°‡∏≤‡∏Å‡πÜ ‡∏Ñ‡πà‡∏∞ ‡∏ó‡∏≤‡πÅ‡∏•‡πâ‡∏ß‡∏ó‡∏≥‡πÉ‡∏´‡πâ‡∏ú‡∏¥‡∏ß‡∏î‡∏π‡∏™‡∏ß‡∏¢ ‡πÄ‡∏î‡πâ‡∏á ‡πÇ‡∏Å‡∏•‡∏ß ‡πÅ‡∏ö‡∏ö‡πÄ‡∏õ‡πá‡∏ô‡∏ò‡∏£‡∏£‡∏°‡∏ä‡∏≤‡∏ï‡∏¥ ‡∏¢‡∏¥‡πà‡∏á‡∏ñ‡πà‡∏≤‡∏¢‡∏£‡∏π‡∏õ‡∏≠‡∏≠‡∏Å‡∏°‡∏≤‡∏ô‡∏µ‡πà‡∏´‡∏ô‡πâ‡∏≤‡πÄ‡∏ô‡∏µ‡∏¢‡∏ô‡πÄ‡∏î‡πâ‡∏á ‡∏™‡∏ß‡∏¢‡∏á‡∏≤‡∏° ‡∏î‡∏π‡∏ú‡∏¥‡∏ß‡πÉ‡∏™‡πÄ‡∏õ‡πá‡∏ô‡∏ò‡∏£‡∏£‡∏°‡∏ä‡∏≤‡∏ï‡∏¥ ‡∏°‡∏µ‡πÇ‡∏ó‡∏ô‡∏™‡∏µ‡∏ó‡∏µ‡πà‡πÄ‡∏´‡∏°‡∏≤‡∏∞‡∏Å‡∏±‡∏ö‡∏ú‡∏¥‡∏ß‡πÄ‡∏£‡∏≤‡∏°‡∏≤‡∏Å‡πÜ ‡πÑ‡∏°‡πà‡πÄ‡∏õ‡πá‡∏ô‡∏Ñ‡∏£‡∏≤‡∏ö ‡πÑ‡∏°‡πà‡∏´‡∏ô‡∏≤‡∏à‡∏ô‡∏ó‡∏≥‡πÉ‡∏´‡πâ‡∏£‡∏π‡πâ‡∏™‡∏∂‡∏Å‡πÄ‡∏´‡∏ô‡∏≠‡∏∞‡∏ú‡∏¥‡∏ß‡∏î‡πâ‡∏ß‡∏¢‡∏Ñ‡πà‡∏∞ ‡∏ä‡∏≠‡∏ö‡∏°‡∏≤‡∏Å‡πÜ ‡πÄ‡∏•‡∏¢ #LOrealParisTH #TrueMatch #TrueToMyShade #‡∏•‡∏≠‡∏£‡∏µ‡∏≠‡∏±‡∏•‡∏õ‡∏≤‡∏£‡∏µ‡∏™‡πÄ‡∏°‡∏Ñ‡∏≠‡∏±‡∏û,pos
‡πÄ‡∏õ‡πá‡∏ô‡πÑ‡∏î‡πâ‡πÅ‡∏Ñ‡πà ‡∏Å‡∏¥‡πä‡∏Å ‡∏™‡∏ô‡πÉ‡∏à‡∏Ñ‡∏£‡∏±‡∏ö,neu
‡∏£‡∏∂‡∏ô‡∏≤‡∏ô‡πÅ‡∏•‡πâ‡∏ß ‡∏ô‡∏à.‡∏´‡∏•‡∏≤‡∏¢‡∏ß‡∏±‡∏ô‡∏£‡∏∂‡∏õ‡πà‡∏≤‡∏ßüòÇ,neu
‡πÅ‡∏™‡∏á‡πÇ‡∏™‡∏°‡πÄ‡∏£‡∏µ‡∏¢‡∏Å‡∏´‡∏á‡∏ó‡∏≠‡∏á ‡πÅ‡∏™‡∏á‡πÇ‡∏™‡∏°‡πÄ‡∏£‡∏µ‡∏¢‡∏Å‡∏´‡∏á‡∏ó‡∏≠‡∏á ‡∏Ç‡∏ì‡∏∞‡∏ô‡∏µ‡πâ 40‡∏î‡∏µ‡∏Å‡∏£‡∏µ ‡πÑ‡∏î‡πâ‡πÄ‡∏ï‡∏£‡∏µ‡∏¢‡∏°‡∏û‡∏£‡πâ‡∏≠‡∏°‡πÅ‡∏•‡πâ‡∏ß,neu
Smirnoff ‡∏Å‡∏≥‡∏•‡∏±‡∏á‡∏à‡∏∞‡∏à‡∏±‡∏î fire zonic ‡∏´‡∏£‡∏≠?,neu
00.30 ‡πÇ‡∏£‡∏á‡∏†‡∏≤‡∏û‡∏¢‡∏ô‡∏ï‡∏£‡πå‡∏•‡∏¥‡πÇ‡∏î ‡∏°‡∏±‡∏•‡∏ï‡∏¥‡πÄ‡∏û‡∏•‡πá‡∏Å‡∏ã‡πå ‡∏õ‡∏¥‡∏î‡πÑ‡∏ü‡∏î‡πâ‡∏≤‡∏ô‡∏´‡∏ô‡πâ‡∏≤ ‡∏≠‡∏≥‡∏•‡∏≤‡∏≠‡∏¢‡πà‡∏≤‡∏á‡πÄ‡∏õ‡πá‡∏ô‡∏ó‡∏≤‡∏á‡∏Å‡∏≤‡∏£ ‡∏´‡∏•‡∏±‡∏á‡∏¢‡∏∑‡∏ô‡∏´‡∏¢‡∏±‡∏î‡πÄ‡∏õ‡πá‡∏ô‡πÇ‡∏£‡∏á‡∏´‡∏ô‡∏±‡∏á‡∏¢‡πà‡∏≤‡∏ô‡∏™‡∏¢‡∏≤‡∏°‡∏™‡πÅ‡∏Ñ‡∏ß‡∏£‡πå‡∏°‡∏≤‡∏ô‡∏≤‡∏ô 50 ‡∏õ‡∏µ ‡∏â‡∏≤‡∏¢‡∏£‡∏≠‡∏ö‡∏™‡∏∏‡∏î‡∏ó‡πâ‡∏≤‡∏¢‡∏õ‡∏¥‡∏î‡∏°‡πà‡∏≤‡∏ô‡∏ó‡∏µ‡πà‡πÇ‡∏£‡∏á 3 ‡πÄ‡∏ß‡∏•‡∏≤ 23.30 ‡∏ô. ‡∏Ñ‡∏ô‡∏°‡∏≤‡∏≠‡∏≥‡∏•‡∏≤‡∏Å‡∏±‡∏ô‡πÄ‡∏ô‡∏∑‡∏≠‡∏á‡πÅ‡∏ô‡πà‡∏ô ‡πÅ‡∏ï‡πà‡∏ö‡∏£‡∏£‡∏¢‡∏≤‡∏Å‡∏≤‡∏®‡∏ï‡∏≠‡∏ô‡∏ô‡∏µ‡πâ‡πÄ‡∏á‡∏µ‡∏¢‡∏ö‡πÄ‡∏´‡∏á‡∏≤‡∏à‡∏ô‡∏ô‡πà‡∏≤‡πÉ‡∏à‡∏´‡∏≤‡∏¢ #Lido #‡∏≠‡∏≥‡∏•‡∏≤‡∏•‡∏¥‡πÇ‡∏î #‡∏≠‡∏≥‡∏•‡∏≤‡∏•‡∏¥‡πÇ‡∏î‡πâ @tnnthailand #TNN24 #‡∏ä‡πà‡∏≠‡∏á16,neu
"‡∏´‡∏ô‡∏∏‡πà‡∏°‡∏Ñ‡∏ô‡πÑ‡∏´‡∏ô‡∏≠‡∏¢‡∏≤‡∏Å‡∏à‡∏µ‡∏ö‡∏ô‡πâ‡∏≠‡∏á‡πÄ‡∏ô‡∏¢ ‡πÅ‡∏ô‡∏∞‡∏ô‡∏≥‡πÉ‡∏´‡πâ‡∏ñ‡∏∑‡∏≠‡∏ä‡πà‡∏≠‡∏ô‡∏µ‡πâ‡∏ô‡∏∞‡∏Ñ‡∏∞ ‡∏´‡∏£‡∏∑‡∏≠‡∏à‡∏∞‡πÄ‡∏õ‡πá‡∏ô‡∏ö‡∏≠‡∏ô‡∏ä‡∏≠‡∏ô,‡πÄ‡∏Ñ‡πÄ‡∏≠‡∏ü‡∏ã‡∏µ,‡πÅ‡∏°‡∏Ñ‡πÇ‡∏î‡∏ô‡∏±‡∏•‡∏î‡πå ‡∏ô‡πâ‡∏≠‡∏á‡πÄ‡∏ô‡∏¢‡∏™‡∏∞‡∏î‡∏ß‡∏Å‡∏ó‡∏∏‡∏Å‡∏£‡πâ‡∏≤‡∏ô‡∏à‡πâ‡∏≤‡∏≤",neu
‡∏´‡∏∑‡πä‡∏¢‡∏¢‡∏¢‡∏¢‡∏¢,neu
‡∏≠‡∏¢‡∏π‡πà‡πÉ‡∏ô‡πÄ‡∏°‡∏∑‡∏≠‡∏á ‡πÄ‡∏î‡∏¥‡∏ô‡∏ó‡∏≤‡∏á‡∏™‡∏∞‡∏î‡∏ß‡∏Å ‡∏°‡∏µ‡∏£‡∏ñ‡∏õ‡∏£‡∏∞‡∏à‡∏≥‡∏ó‡∏≤‡∏á‡∏ú‡πà‡∏≤‡∏ô‡∏ï‡∏•‡∏≠‡∏î,pos
"‡∏Ç‡∏ô‡∏≤‡∏î‡∏ô‡∏±‡πâ‡∏ô‡πÄ‡∏•‡∏¢‡πÄ‡∏´‡∏•‡∏≠‡πÄ‡∏°‡∏∑‡∏≠‡∏á‡πÑ‡∏ó‡∏¢ ‡∏î‡∏µ‡∏à‡πâ‡∏≤‡πÄ‡∏•‡∏¥‡∏Å‡∏ó‡∏±‡πâ‡∏á‡πÄ‡∏°‡∏∑‡∏≠‡∏á‡πÑ‡∏ó‡∏¢‡∏Å‡πá‡∏à‡∏∞‡∏î‡∏µ‡∏ô‡∏∞ ‡πÄ‡∏•‡∏¥‡∏Å‡πÄ‡∏ö‡∏µ‡∏¢‡∏£‡πå‡∏ä‡πâ‡∏≤‡∏á, ‡∏™‡∏¥‡∏á‡∏´‡πå ‡∏Å‡∏∞‡∏ó‡∏¥‡∏á‡πÅ‡∏£‡∏î..‡∏õ‡∏£‡∏∞‡∏ä‡∏≤‡∏ä‡∏ô‡∏à‡∏∞‡πÉ‡∏î‡πâ‡∏ï‡∏≤‡∏¢‡∏ô‡πâ‡∏≠‡∏¢‡∏´‡∏ô‡πà‡∏≠‡∏¢",neg
‡πÄ‡∏ï‡∏µ‡∏¢‡∏á‡πÉ‡∏´‡∏ç‡πà‡∏°‡∏≤‡∏Å‡∏û‡∏≠‡∏ó‡∏µ‡πà‡∏ô‡∏≠‡∏ô‡∏™‡∏≤‡∏°‡∏Ñ‡∏ô‡πÑ‡∏î‡πâ‡∏™‡∏ö‡∏≤‡∏¢,pos
‡∏ó‡∏≤ anti melasma ‡∏Ç‡∏≠‡∏á eucerin ‡∏°‡∏≤‡∏à‡∏∞‡∏™‡∏≠‡∏á‡∏≠‡∏≤‡∏ó‡∏¥‡∏ï‡∏¢‡πå‡∏•‡∏∞ ‡∏¢‡∏±‡∏á‡πÑ‡∏°‡πà‡πÄ‡∏´‡πá‡∏ô‡∏ú‡∏•‡πÑ‡∏£‡πÄ‡∏•‡∏¢,neg
‡∏Å‡∏£‡∏∞‡∏ó‡∏£‡∏ß‡∏á‡∏û‡∏≤‡∏ì‡∏¥‡∏ä‡∏¢‡πå‡∏õ‡∏£‡∏∞‡∏™‡∏≤‡∏ô‡πÄ‡∏≠‡∏Å‡∏ä‡∏ô‡∏ô‡∏≥‡∏™‡∏¥‡∏ô‡∏Ñ‡πâ‡∏≤‡∏≠‡∏∏‡∏õ‡πÇ‡∏†‡∏Ñ‡∏ö‡∏£‡∏¥‡πÇ‡∏†‡∏Ñ‡πÄ‡∏Ç‡πâ‡∏≤‡∏ä‡πà‡∏ß‡∏¢‡πÄ‡∏´‡∏•‡∏∑‡∏≠‡∏ú‡∏π‡πâ‡∏õ‡∏£‡∏∞‡∏™‡∏ö‡∏†‡∏±‡∏¢‡∏†‡∏≤‡∏Ñ‡πÉ‡∏ï‡πâ ‡∏û‡∏£‡πâ‡∏≠‡∏°‡∏Ñ‡∏∏‡πâ‡∏°‡πÄ‡∏Ç‡πâ‡∏°‡∏Å‡∏≤‡∏£‡∏â‡∏ß‡∏¢‡πÇ‡∏≠‡∏Å‡∏≤‡∏™‡∏Ç‡∏∂‡πâ‡∏ô‡∏£‡∏≤‡∏Ñ‡∏≤‡∏™‡∏¥‡∏ô‡∏Ñ‡πâ‡∏≤,neu
‡πÄ‡∏´‡πâ‡∏≠‡∏≠‡∏≠‡∏≠ ‡∏Ñ‡πà‡∏≤‡πÄ‡∏ä‡πà‡∏≤‡∏ä‡∏∏‡∏î‡∏ô‡πà‡∏≤‡∏à‡∏∞‡πÅ‡∏û‡∏á‡∏Å‡∏ß‡πà‡∏≤‡∏Ñ‡πà‡∏≤‡∏≠‡∏≤‡∏´‡∏≤‡∏£,neg
‡∏û‡∏µ‡πà‡∏≠‡∏¢‡∏≤‡∏Å‡∏Å‡∏¥‡∏ô‡∏õ‡∏¥‡πâ‡∏á‡∏¢‡πà‡∏≤‡∏á‡∏á‡∏á‡∏á‡∏á‡∏á,neu
‡πÄ‡∏õ‡πá‡∏ô‡πÄ‡∏°‡∏î‡∏ó‡∏µ‡πà‡∏™‡∏¥‡∏á‡∏Ñ‡πÇ‡∏õ‡∏£‡πå‡πÄ‡∏á‡∏¥‡∏ô‡πÑ‡∏°‡πà‡∏î‡∏µ‡πÄ‡∏ó‡πà‡∏≤‡πÑ‡∏´‡∏£‡πà‡∏´‡∏£‡∏≠‡∏Å‡∏Ñ‡πà‡∏∞ ‡πÅ‡∏Ñ‡πà‡πÄ‡∏°‡∏î‡∏ó‡∏µ‡πà‡∏ö‡πâ‡∏≤‡∏ô‡πÉ‡∏ä‡πâ sk-ii ‡∏Ñ‡∏£‡∏ö‡πÄ‡∏ã‡∏ó‡πÅ‡∏Ñ‡πà‡∏ô‡∏±‡πâ‡∏ô‡πÄ‡∏≠‡∏á 5555555555555555555555,neg
‡∏à‡∏∞‡∏Å‡∏¥‡∏ô‡∏ä‡∏∏‡∏î‡∏ô‡∏µ‡πâ,pos
‡πÄ‡∏ö‡∏µ‡∏¢‡∏£‡πå‡∏ä‡πâ‡∏≤‡∏á‡∏û‡∏≠‡∏õ‡πà‡∏≤‡∏ß‡∏û‡∏µ‡πà,neu
‡πÑ‡∏°‡πà‡πÉ‡∏î‡πâ‡∏Ñ‡∏£‡∏±‡∏ö‡∏£‡∏≤‡∏¢‡πÉ‡∏î‡πâ‡∏´‡∏•‡∏±‡∏Å‡πÄ‡∏Ñ‡πâ‡∏≤‡∏°‡∏≤‡∏à‡∏≤‡∏Å‡∏ï‡∏£‡∏á‡∏ô‡∏µ‡πâ,neg
#Mazda3 #‡πÄ‡∏ä‡πá‡∏Ñ‡∏£‡∏ñ‡∏™‡∏ï‡∏≤‡∏£‡πå‡∏ó‡πÑ‡∏°‡πà‡∏ï‡∏¥‡∏î,neg
‡∏à‡∏∞‡πÑ‡∏°‡πà‡∏£‡∏ß‡∏¢‡πÑ‡∏î‡πâ‡πÑ‡∏á. ‡πÄ‡∏ö‡∏µ‡∏¢‡∏£‡πå‡∏ä‡πâ‡∏≤‡∏á‡∏Ç‡∏≤‡∏¢‡∏î‡∏µ‡πâ‡∏î‡∏µ... ‡∏ã‡∏µ‡∏û‡∏µ 7 ‡∏Å‡∏£‡∏π ‡∏Å‡πá‡πÄ‡∏Ç‡πâ‡∏≤‡∏ó‡∏∏‡∏Å‡∏ß‡∏±‡∏ô.. #‡∏ú‡∏π‡πâ‡∏™‡∏ô‡∏±‡∏ö‡∏™‡∏ô‡∏∏‡∏ôüòÇüòÇ,neu
‡πÅ‡∏û‡∏á‡∏≠‡∏µ‡∏ô‡∏µ‡πà‡πÄ‡∏•‡∏¢ ‡∏ä‡∏¥‡πÄ‡∏ã‡πÇ‡∏î‡πâ,neg
‡∏≠‡∏¢‡∏≤‡∏Å‡πÉ‡∏´‡πâ‡∏°‡∏µ‡∏Å‡∏∏‡πâ‡∏á‡∏á‡πà‡∏≤,neg
‡∏ô‡πà‡∏≤‡∏à‡∏∞‡πÄ‡∏õ‡πá‡∏ô‡∏™‡∏õ‡∏≠‡∏ô‡πÄ‡∏ã‡∏≠‡∏£‡πå‡∏£‡πà‡∏ß‡∏° ‡πÄ‡∏´‡∏°‡∏∑‡∏≠‡∏ô‡πÄ‡∏ö‡∏µ‡∏¢‡∏£‡πå‡∏™‡∏¥‡∏á‡∏´‡πå,neu
‡πÄ‡∏•‡∏µ‡πâ‡∏¢‡∏á‡πÄ‡∏û‡∏∑‡πà‡∏≠‡∏ô‡∏´‡∏ô‡πà‡∏≠‡∏¢‡∏à‡∏¥,pos
‡∏ô‡∏µ‡πà‡∏ã‡∏∑‡πâ‡∏≠‡∏´‡∏±‡∏ß‡∏ä‡∏µ‡∏ä‡πà‡∏≤‡∏à‡∏≤‡∏Å‡πÇ‡∏≠‡∏°‡∏≤‡∏ô‡∏°‡∏≤‡∏ö‡∏≤‡∏´‡πå‡πÄ‡∏£‡∏ô‡πÅ‡∏•‡πâ‡∏ß‡πÅ‡∏•‡πâ‡∏ß‡∏´‡∏¥‡πâ‡∏ß‡∏Å‡∏±‡∏ö‡πÑ‡∏õ‡∏î‡∏π‡πÑ‡∏ö ‡∏ï.‡∏° ‡πÄ‡∏Ç‡∏≤‡∏ï‡∏£‡∏ß‡∏à‡πÄ‡∏à‡∏≠‡∏ô‡∏∞‡πÅ‡∏ï‡πà‡πÑ‡∏°‡πà‡∏°‡∏µ‡∏õ‡∏±‡∏ç‡∏´‡∏≤‡∏≠‡∏∞‡πÑ‡∏£‡πÄ‡∏•‡∏¢ ‡πÑ‡∏ó‡∏¢‡∏ô‡∏µ‡πà‡πÑ‡∏°‡πà‡πÑ‡∏î‡πâ‡πÄ‡∏•‡∏¢‡∏ñ‡πâ‡∏≤‡∏ï‡∏£‡∏ß‡∏à‡πÄ‡∏à‡∏≠‡∏¢‡∏¥‡πà‡∏á‡∏Å‡∏ß‡πà‡∏≤‡∏¢‡∏≤‡∏ö‡πâ‡∏≤‡∏≠‡∏µ‡∏Å ‡∏ñ‡∏∏‡∏¢‡∏™‡∏±‡∏™üò†üò°,neg
‡∏û‡∏¥‡∏ô‡∏≤‡∏ô‡πà‡∏≤ lip lacquer ‡∏Ç‡∏≠‡∏á‡∏ô‡∏±‡∏ô‡∏î‡∏≤‡∏û‡∏µ‡πà‡∏ß‡πà‡∏≤‡πÑ‡∏á ‡∏î‡∏µ‡∏°‡∏±‡πâ‡∏¢‡∏¢‡∏¢ ‡∏°‡∏±‡∏ô‡∏ï‡πà‡∏≤‡∏á‡∏Å‡∏±‡∏ö‡∏Ç‡∏≠‡∏á‡∏≠‡∏µ‡∏ó‡∏π‡∏î‡∏µ‡πâ‡∏¢‡∏±‡∏á‡πÑ‡∏á‡∏ô‡∏≠‡∏Å‡∏à‡∏≤‡∏Å‡∏ä‡∏∑‡πà‡∏≠‡πÅ‡∏ö‡∏£‡∏ô‡∏î‡πå‡∏≠‡∏∞‡∏Ñ‡∏∞ ‚Äî ‡∏Ñ‡∏•‡πâ‡∏≤‡∏¢‡πÜ‡∏Å‡∏±‡∏ô‡πÄ‡∏•‡∏¢‡∏Ñ‡πà‡∏∞‡πÅ‡∏ï‡πà‡∏û‡∏µ‡πà‚Ä¶,neg
‡∏°‡∏≠‡∏ö‡∏™‡∏ä.‡∏™‡∏≥‡∏£‡∏ß‡∏à‡∏≠‡∏µ‡∏Å‡∏Ñ‡∏£‡∏±‡πâ‡∏á‡∏Ñ‡∏£‡∏π‡πÄ‡∏≠‡∏Å‡∏ä‡∏ô‡∏≠‡∏¢‡∏≤‡∏Å‡πÉ‡∏ä‡πâ‡∏™‡∏¥‡∏ó‡∏ò‡∏¥‡∏ö‡∏±‡∏ï‡∏£‡∏ó‡∏≠‡∏á‡∏´‡∏£‡∏∑‡∏≠‡πÑ‡∏°‡πà,neu
‡∏™‡∏±‡πà‡∏á ‡∏£‡∏û.‡∏Å‡∏£‡∏∏‡∏á‡πÄ‡∏ó‡∏û ‡∏Ñ‡∏∑‡∏ô‡∏™‡∏¥‡∏ó‡∏ò‡∏¥‡∏£‡∏±‡∏Å‡∏©‡∏≤‡∏ï‡∏•‡∏≠‡∏î‡∏ä‡∏µ‡∏ß‡∏¥‡∏ï #‡∏Ñ‡∏°‡∏ä‡∏±‡∏î‡∏•‡∏∂‡∏Å,neu
‡∏™‡∏∏‡∏î‡∏¢‡∏≠‡∏î‡∏Ñ‡∏£‡∏±‡∏ö‡∏ô‡∏¥‡πà‡∏°‡∏î‡πâ‡∏ß‡∏¢‡∏û‡∏π‡∏î‡∏á‡πà‡∏≤‡∏¢‡∏Ç‡∏±‡∏•‡∏™‡∏ö‡∏≤‡∏¢‡∏™‡πÑ‡∏ï‡∏Æ‡∏≠‡∏ô‡∏î‡πâ‡∏≤‡∏ô‡∏∞‡∏Ñ‡∏£‡∏±‡∏ö,pos
‡πÄ‡∏°‡∏∑‡πà‡∏≠‡∏°‡∏µ‡∏ä‡∏≤‡∏ß‡∏ö‡πâ‡∏≤‡∏ô‡∏õ‡∏£‡∏∞‡∏ó‡πâ‡∏ß‡∏á‡∏Å‡∏≤‡∏£‡∏™‡∏£‡πâ‡∏≤‡∏á‡πÄ‡∏´‡∏°‡∏∑‡∏≠‡∏á ‡∏£‡∏±‡∏ê‡∏ï‡∏±‡πâ‡∏á‡∏Å‡∏£‡∏£‡∏°‡∏Å‡∏≤‡∏£ 5 ‡∏ù‡πà‡∏≤‡∏¢ ‡∏õ‡∏£‡∏∞‡∏¢‡∏∏‡∏ó‡∏ò‡πå‡πÉ‡∏ä‡πâ‡∏ß‡∏¥‡∏ò‡∏µ‡∏á‡πà‡∏≤‡∏¢‡πÜ ‡πÇ‡∏î‡∏¢‡πÉ‡∏ä‡πâ ‡∏°.44 ‡∏´‡∏¢‡∏∏‡∏î‡πÄ‡∏´‡∏°‡∏∑‡∏≠‡∏á ‡∏õ‡∏£‡∏∞‡∏¢‡∏∏‡∏ó‡∏ò‡πå‡πÑ‡∏°‡πà‡πÑ‡∏î‡πâ‡∏´‡πà‡∏ß‡∏á‡∏ä‡∏≤‡∏ß‡∏ö‡πâ‡∏≤‡∏ô ‡πÅ‡∏ï‡πà‡πÅ‡∏Å‡πâ‡∏õ‡∏±‡∏ç‡∏´‡∏≤‡πÅ‡∏ö‡∏ö‡∏ï‡∏π‡πà ‡πÄ‡∏û‡∏£‡∏≤‡∏∞ ‡∏û‡∏£‡∏ö.‡πÅ‡∏£‡πà ‡∏â‡∏ö‡∏±‡∏ö‡πÉ‡∏´‡∏°‡πà‡∏¢‡∏±‡∏á‡∏á‡∏≠‡∏Å‡∏≠‡∏≠‡∏Å‡∏°‡∏≤ (‡∏â‡∏ö‡∏±‡∏ö‡∏ö‡∏ô‡∏µ‡πà‡∏•‡∏î‡∏Å‡∏≤‡∏£‡∏°‡∏µ‡∏™‡πà‡∏ß‡∏ô‡∏£‡πà‡∏ß‡∏° ‡πÑ‡∏°‡πà‡∏ï‡πâ‡∏≠‡∏á‡∏®‡∏∂‡∏Å‡∏©‡∏≤ EIA ‡πÉ‡∏ä‡πâ‡πÄ‡∏™‡∏µ‡∏¢‡∏á‡∏Ç‡πâ‡∏≤‡∏á‡∏°‡∏≤‡∏Å‡∏Å‡πá‡∏ú‡πà‡∏≤‡∏ô) (3) #‡πÄ‡∏´‡∏°‡∏∑‡∏≠‡∏á‡∏ó‡∏≠‡∏á‡∏≠‡∏±‡∏Ñ‡∏£‡∏≤,neg
‡∏ä‡∏µ‡∏ß‡∏≤‡∏™‡∏ô‡∏µ‡πâ‡πÄ‡∏°‡∏≤,neg
‡πÅ‡∏ï‡πà‡∏ú‡πà‡∏≤‡∏ô‡∏®‡∏∏‡∏•‡∏Å‡∏≤‡∏Å‡∏£ ‡∏ã‡∏∂‡πà‡∏á‡∏ú‡∏°‡πÄ‡∏Ç‡πâ‡∏≤‡πÉ‡∏à‡∏ß‡πà‡∏≤‡∏°‡∏µ‡∏Å‡∏≤‡∏£‡πÄ‡∏™‡∏µ‡∏¢‡∏†‡∏≤‡∏©‡∏µ‡πÅ‡∏•‡πâ‡∏ß‡∏•‡∏∞‡∏™‡∏¥ ‡πÅ‡∏ï‡πà‡∏ñ‡πâ‡∏≤‡πÑ‡∏°‡πà‡πÄ‡∏™‡∏µ‡∏¢‡∏†‡∏≤‡∏©‡∏µ ‡∏Ç‡∏≠‡∏á‡πÑ‡∏°‡πà‡∏ô‡πà‡∏≤‡∏à‡∏∞‡∏ñ‡∏∂‡∏á‡∏°‡∏∑‡∏≠‡∏ú‡∏°‡∏ô‡∏∞‡∏ú‡∏°‡∏ß‡πà‡∏≤,neg
‡πÅ‡∏•‡πâ‡∏ß‡πÅ‡∏ï‡πà‡∏ä‡∏≠‡∏ö ‡πÑ‡∏°‡πà‡∏ä‡∏≠‡∏ö‡∏Å‡πâ‡∏≠‡πÅ‡∏•‡πâ‡∏ß‡πÅ‡∏ï‡πà,pos
‡πÄ‡∏≠‡∏≠ ‡πÅ‡∏ï‡πà‡∏¢‡∏±‡∏á‡∏î‡∏µ‡∏ó‡∏µ‡πà‡∏´‡∏•‡∏±‡∏á‡πÑ‡∏õ‡∏Å‡∏¥‡∏ô‡∏≠‡∏≤‡∏Å‡∏∞‡πÅ‡∏•‡πâ‡∏ß‡∏´‡πà‡∏≤‡∏á‡∏ö‡∏≤‡∏ö‡∏¥‡∏Å‡πâ‡∏≠‡∏ô ‡πÑ‡∏°‡πà‡∏á‡∏±‡πâ‡∏ô‡∏ä‡πâ‡∏≥‡πÉ‡∏à‡∏Å‡∏ß‡πà‡∏≤‡∏ô‡∏µ‡πâ 5555,neg
‡∏Å‡πâ‡∏≠‡∏ô‡πÄ‡∏≠‡∏á‡∏¢‡∏±‡∏á‡∏´‡∏¥‡∏ß‡∏ß‡∏ß üòÜ,neu
‡∏û‡∏∏‡∏ò‡πÑ‡∏´‡∏ô‡∏à‡∏∞‡πÑ‡∏î‡πâ‡πÄ‡∏à‡∏≠‡∏Å‡∏±‡∏ô,pos
‡∏≠‡∏¢‡∏≤‡∏Å...,pos
‡∏á‡∏∑‡πâ‡∏≠‡∏≠‡∏≠‡∏≠‡∏≠‡∏≠‡∏≠‡∏≠‡∏≠‡∏≠‡∏≠‡∏≠,neu
‡∏î‡∏£.‡∏à‡∏±‡∏Å‡∏©‡πå ‡∏û‡∏±‡∏ô‡∏ò‡πå‡∏ä‡∏π‡πÄ‡∏û‡∏ä‡∏£ ‡∏Å‡∏Å‡∏ö.‡∏û‡∏£‡∏£‡∏Ñ‡πÑ‡∏õ‡∏£‡πà‡∏ß‡∏°‡πÄ‡∏õ‡∏¥‡∏î‡∏™‡∏≥‡∏ô‡∏±‡∏Å‡∏á‡∏≤‡∏ô‡∏û‡∏£‡∏£‡∏Ñ‡∏£‡∏ß‡∏°‡∏û‡∏•‡∏±‡∏á‡∏õ‡∏£‡∏∞‡∏ä‡∏≤‡∏ä‡∏≤‡∏ï‡∏¥‡πÑ‡∏ó‡∏¢ ‡∏à‡∏±‡∏á‡∏´‡∏ß‡∏±‡∏î‡∏à‡∏±‡∏ô‡∏ó‡∏ö‡∏∏‡∏£‡∏µ ‡∏û‡∏£‡πâ‡∏≠‡∏°‡∏ó‡∏±‡πâ‡∏á‡∏ó‡∏≥‡πÑ‡∏û‡∏£‡∏°‡∏≤‡∏£‡∏µ‡πÇ‡∏´‡∏ß‡∏ï‡∏ú‡∏π‡πâ‡∏™‡∏°‡∏±‡∏Ñ‡∏£‡∏Ç‡∏≠‡∏á‡∏û‡∏£‡∏£‡∏Ñ‡πÑ‡∏î‡πâ‡∏Ñ‡∏£‡∏ö‡∏ó‡∏±‡πâ‡∏á 3 ‡πÄ‡∏Ç‡∏ï ‡∏û‡∏£‡πâ‡∏≠‡∏°‡∏•‡∏∏‡∏¢‡∏™‡∏ô‡∏≤‡∏°‡πÄ‡∏•‡∏∑‡∏≠‡∏Å‡∏ï‡∏±‡πâ‡∏á‡πÅ‡∏Å‡πâ‡∏õ‡∏±‡∏ç‡∏´‡∏≤‡∏õ‡∏≤‡∏Å‡∏ó‡πâ‡∏≠‡∏á‡∏õ‡∏£‡∏∞‡∏ä‡∏≤‡∏ä‡∏ô‡πÅ‡∏•‡∏∞‡∏ä‡∏π‡∏ò‡∏á‡∏õ‡∏è‡∏¥‡∏£‡∏π‡∏õ #‡∏Ñ‡∏ô‡∏ò‡∏£‡∏£‡∏°‡∏î‡∏≤‡∏™‡∏£‡πâ‡∏≤‡∏á‡∏ä‡∏≤‡∏ï‡∏¥,neu
‡∏ñ‡∏≤‡∏°‡∏´‡∏ô‡πà‡∏≠‡∏¢‡∏Ñ‡∏£‡∏±‡∏ö‡∏ó‡∏µ‡πà‡∏£‡πà‡∏ß‡∏°‡∏•‡∏á‡∏ä‡∏∑‡πà‡∏≠‡∏ï‡πâ‡∏≠‡∏á‡∏Å‡∏î‡∏ï‡∏£‡∏á‡πÑ‡∏´‡∏ô‡∏ú‡∏°‡πÑ‡∏°‡πà‡πÅ‡∏ô‡πà‡πÉ‡∏à‡∏ß‡πà‡∏≤‡∏•‡∏á‡∏¢‡∏±‡∏á‡πÑ‡∏°‡πà‡∏£‡∏∏‡πâ‡∏ñ‡∏∏‡∏Å‡∏ß‡∏¥‡∏ò‡∏µ‡∏°‡∏±‡πâ‡∏¢,pos
‡∏™‡∏π‡∏ö‡∏°‡∏≤4‡∏õ‡∏µ‡πÑ‡∏õ‡∏ï‡∏£‡∏ß‡∏à‡∏õ‡∏≠‡∏î‡∏õ‡∏Å‡∏ï‡∏¥‡∏Ñ‡∏£‡∏±‡∏ö,neu
‡πÄ‡∏°‡∏∑‡πà‡∏≠ Civic Type R ‡∏Ñ‡∏±‡∏ô‡∏ô‡∏µ‡πâ‡∏Ç‡∏±‡∏ö‡πÄ‡∏Ñ‡∏•‡∏∑‡πà‡∏≠‡∏ô‡∏™‡∏µ‡πà‡∏•‡πâ‡∏≠...‡∏Å‡πá‡∏°‡∏±‡∏ô‡∏™‡πå‡∏•‡πà‡∏∞‡∏™‡∏¥‡∏á‡∏≤‡∏ô‡∏ô‡∏µ‡πâ,neu
‡∏ö‡∏∂‡∏á‡∏Å‡∏≤‡∏¨,neu
Vdo ‡πÄ‡∏õ‡∏¥‡∏î‡∏ï‡∏±‡∏ß Ford Ranger Raptor ‡πÉ‡∏ô‡∏á‡∏≤‡∏ô Motor Show 2018,neu
‡∏à‡∏∞‡∏ö‡∏≠‡∏Å‡∏ß‡πà‡∏≤‡∏™‡∏≤‡∏Ç‡∏≤‡πÇ‡∏•‡∏ï‡∏±‡∏™‡∏†‡∏π‡πÄ‡∏Å‡πá‡∏ï‡∏û‡∏ô‡∏á ‡∏ô‡πâ‡∏≠‡∏¢ ‡∏ö‡∏£‡∏¥‡∏Å‡∏≤‡∏£‡∏ä‡πâ‡∏≤ ‡πÄ‡∏û‡∏¥‡πà‡∏°‡∏û‡∏ô‡∏á ‡∏´‡∏ô‡πà‡∏≠‡∏¢‡∏Ñ‡πà‡∏∞ ‡∏à‡∏∞‡πÑ‡∏î‡πâ‡∏ó‡∏±‡πà‡∏ß‡∏ñ‡∏∂‡∏á ‡∏£‡∏™‡∏ä‡∏≤‡∏ï‡∏¥‡∏≠‡∏£‡πà‡∏≠‡∏¢‡πÄ‡∏´‡∏°‡∏∑‡∏≠‡∏ô‡πÄ‡∏î‡∏¥‡∏°,neg
‡∏Å‡∏≤‡∏ß‡∏Ç‡πâ‡∏≤‡∏á‡∏´‡∏•‡∏±‡∏á‡∏ú‡πâ‡∏≤‡∏≠‡∏ô‡∏≤‡∏°‡∏±‡∏¢‡∏ï‡∏¥‡∏î‡∏ó‡∏∏‡∏Å‡∏≠‡∏¢‡πà‡∏≤‡∏á‡∏¢‡∏Å‡πÄ‡∏ß‡πâ‡∏ô‡∏Å‡∏≤‡∏á‡πÄ‡∏Å‡∏á‡πÉ‡∏ô‡∏à‡πâ‡∏≤‡∏≤‡∏≤ ‡πÉ‡∏™‡πà‡∏î‡∏µ‡πÜ ‡∏≠‡∏¢‡πà‡∏≤‡πÉ‡∏´‡πâ‡∏°‡∏±‡∏ô‡∏û‡∏•‡∏¥‡∏Å‡∏Å‡∏•‡∏±‡∏ö‡∏î‡πâ‡∏≤‡∏ô‡πÄ‡∏î‡πá‡∏î‡∏Ç‡∏≤‡∏î ‡πÑ‡∏°‡πà‡∏á‡∏±‡πâ‡∏ô‡∏°‡∏µ‡∏£‡πâ‡∏≠‡∏á ‡πÄ‡∏≠‡∏∑‡πâ‡∏≠‡∏≠‡∏≠‡∏≠‡∏≠‡∏≠ 55555,neg
‡∏ú‡∏°‡∏ö‡∏≠‡∏Å‡πÅ‡∏•‡πâ‡∏ß‡πÑ‡∏á ‡∏ß‡πà‡∏≤‡πÑ‡∏°‡πà‡πÑ‡∏î‡πâ‡∏´‡∏°‡∏≤‡∏¢‡∏ñ‡∏∂‡∏á ‡πÄ‡∏°‡∏Ü ‡∏°‡∏±‡∏á‡∏Å‡∏£‡∏ö‡∏¥‡∏ô #‡∏Ñ‡∏ô‡∏ó‡∏µ‡πà‡∏ó‡∏≥‡∏î‡∏µ‡πÅ‡∏•‡πâ‡∏ß‡∏≠‡∏≠‡∏Å‡∏™‡∏∑‡πà‡∏≠‡∏™‡∏£‡πâ‡∏≤‡∏á‡∏†‡∏≤‡∏û‡πÄ‡∏û‡∏∑‡πà‡∏≠‡∏õ‡∏£‡∏∞‡πÇ‡∏¢‡∏ä‡∏ô‡πå‡∏Ç‡∏≠‡∏á‡∏ï‡∏±‡∏ß‡πÄ‡∏≠‡∏á‡∏ï‡∏≤‡∏°‡∏°‡∏≤‡∏†‡∏≤‡∏¢‡∏´‡∏•‡∏±‡∏á ‡∏ó‡∏µ‡πà‡∏Ñ‡∏∏‡∏ì‡∏Å‡∏•‡πà‡∏≤‡∏ß‡∏ñ‡∏∂‡∏á‡∏ß‡πà‡∏≤‡πÑ‡∏°‡πà‡∏î‡∏µ ‡∏ï‡∏£‡∏á‡∏ô‡∏µ‡πâ‡∏ï‡πà‡∏≤‡∏á‡∏´‡∏≤‡∏Å‡∏ó‡∏µ‡πà‡∏ú‡∏°‡∏ñ‡∏≤‡∏° ‡∏≠‡∏¢‡πà‡∏≤‡∏á‡πÄ‡∏ö‡∏µ‡∏¢‡∏£‡πå‡∏ä‡πâ‡∏≤‡∏á ‡∏™‡∏ô‡∏±‡∏ö‡∏™‡∏ô‡∏∏‡∏ô‡∏ó‡∏µ‡∏°‡∏ä‡∏≤‡∏ï‡∏¥‡∏õ‡∏µ‡∏•‡∏∞100‡∏•‡πâ‡∏≤‡∏ô ‡πÄ‡∏û‡∏∑‡πà‡∏≠‡∏™‡∏£‡πâ‡∏≤‡∏á‡∏†‡∏≤‡∏û‡πÉ‡∏´‡πâ‡∏≠‡∏á‡∏Ñ‡πå‡∏Å‡∏£‡∏ï‡∏±‡∏ß‡πÄ‡∏≠‡∏á‡∏î‡∏π‡∏î‡∏µ ‡∏•‡∏á‡∏Ç‡πà‡∏≤‡∏ß‡πÉ‡∏´‡∏ç‡πà‡πÇ‡∏ï #‡∏ú‡∏°‡∏ñ‡∏≤‡∏°‡∏ô‡∏±‡∏Å‡∏ö‡∏∏‡∏ç‡∏à‡∏≠‡∏°‡πÇ‡∏û‡∏™‡∏ï‡πå‡πÅ‡∏ö‡∏ö‡∏ô‡∏µ‡πâ ‡πÑ‡∏°‡πà‡∏î‡∏µ‡∏¢‡∏±‡∏á‡πÑ‡∏á ‡∏ï‡∏≠‡∏ö‡∏ú‡∏°‡∏´‡∏ô‡πà‡∏≠‡∏¢,neg
‡∏ô‡∏∂‡∏Å‡∏ß‡πà‡∏≤‡∏¢‡πâ‡∏≤‡∏¢ ‡πÄ‡∏™‡∏µ‡∏¢‡∏î‡∏≤‡∏¢‡πÄ‡∏•‡∏¢‡∏à‡∏∞‡∏Å‡∏¥‡∏ô‡∏ó‡∏µ‡πà‡πÑ‡∏´‡∏ô‡∏•‡πà‡∏∞‡∏ó‡∏µ‡∏ô‡∏µ‡πâ,neg
‡∏Ç‡∏ô‡πÄ‡∏™‡∏î‡πÑ‡∏á,neu
‡∏ï‡πâ‡∏≠‡∏á‡∏£‡∏∏‡πà‡∏ô‡∏ô‡∏µ‡πâ‡πÄ‡∏•‡∏¢‡∏Ñ‡∏£‡∏±‡∏ö Honda Civic ‡∏°‡∏±‡∏ô‡πÄ‡∏õ‡πá‡∏ô‡∏£‡∏ñ‡∏ó‡∏µ‡πà‡∏°‡∏µ‡πÄ‡∏™‡∏ô‡πà‡∏´‡πå‡∏°‡∏≤‡∏Å‡πÜ ‡∏ú‡∏°‡πÑ‡∏õ‡πÄ‡∏î‡∏¥‡∏ô‡∏á‡∏≤‡∏ô MotorShow ‡∏ó‡∏µ‡πÑ‡∏£‡∏ï‡πâ‡∏≠‡∏á‡∏°‡∏≠‡∏á‡πÅ‡∏•‡∏∞‡πÄ‡∏Ç‡πâ‡∏≤‡πÑ‡∏õ‡∏•‡∏≠‡∏á‡∏™‡∏±‡∏°‡∏ú‡∏±‡∏™‡∏ó‡∏∏‡∏Å‡∏ó‡∏µ ‡πÅ‡∏ï‡πà‡∏¢‡∏±‡∏á‡πÄ‡∏Å‡πá‡∏ö‡πÄ‡∏á‡∏¥‡∏ô‡∏ã‡∏∑‡πâ‡∏≠‡∏≠‡∏¢‡∏π‡πà‡∏Ñ‡∏£‡∏±‡∏ö ‡∏£‡∏∏‡πà‡∏ô‡∏ô‡∏µ‡πâ‡∏ö‡∏≠‡∏Å‡πÄ‡∏•‡∏¢‡∏ú‡∏°‡∏ï‡πâ‡∏≠‡∏á‡∏ã‡∏∑‡πâ‡∏≠‡∏°‡∏≤‡∏Ç‡∏±‡∏ö‡πÄ‡∏õ‡πá‡∏ô‡∏Ñ‡∏±‡∏ô‡πÅ‡∏£‡∏Å‡πÅ‡∏ô‡πà‡∏ô‡∏≠‡∏ô (‡∏Ç‡∏≠‡πÄ‡∏Å‡πá‡∏ö‡πÄ‡∏á‡∏¥‡∏ô‡∏≠‡∏µ‡∏Å‡∏´‡∏ô‡πà‡∏≠‡∏¢ ‡πÉ‡∏Å‡∏•‡πâ‡πÅ‡∏•‡πâ‡∏ß‡πÜ) ‡∏õ‡∏•.‡πÑ‡∏°‡πà‡∏°‡∏µ‡∏†‡∏≤‡∏û‡∏Ñ‡∏π‡πà‡∏Å‡∏±‡∏ö‡∏£‡∏ñ ‡πÅ‡∏ï‡πà‡∏≠‡∏µ‡∏Å‡πÑ‡∏°‡πà‡∏ô‡∏≤‡∏ô‡∏Ñ‡∏£‡∏±‡∏ö ‡∏ù‡∏±‡∏ô‡∏ô....‡πÉ‡∏´‡πâ‡πÑ‡∏Å‡∏•‡πÑ‡∏õ‡πÉ‡∏´‡πâ‡∏ñ‡∏∂‡∏á #‡∏Æ‡∏≠‡∏ô‡∏î‡πâ‡∏≤‡∏ó‡∏µ‡πà‡∏£‡∏±‡∏Å #EnjoyHondaThailand,pos
‡πÄ‡∏™‡∏µ‡∏¢‡πÄ‡∏ß‡∏•‡∏≤,neg
‡∏™‡∏á‡∏™‡∏≤‡∏£‡πÑ‡∏≠‡∏ï‡∏±‡∏ß‡πÄ‡∏•‡πá‡∏Å‡∏≠‡∏∞‡∏î‡∏¥,neu
‡πÄ‡∏´‡∏°‡∏∑‡∏≠‡∏ô‡πÄ‡πÄ‡∏ö‡∏•‡πá‡∏Å ‡∏£‡∏™‡∏ù‡∏≤‡∏î‡πÄ‡∏ã‡∏•‡∏°‡∏≤‡πÉ‡∏´‡πâ‡∏•‡∏≠‡∏á‡∏Ç‡∏ß‡∏î‡∏ô‡∏∂‡∏á,neu
